t,load
4.0999999999997,-0.0896449924157877
4.1009999999997,0.878724416234043
4.1019999999997,0.623993357979496
4.1029999999997,-0.0891613578468405
4.10399999999971,-0.509415583702382
4.10499999999971,0.38799334940290003
4.105999999999709,0.9515653949297579
4.10699999999971,0.23947127519630604
4.10799999999971,-0.31117387093728605
4.1089999999997096,-0.324234692969414
4.10999999999971,0.611986281123671
4.110999999999709,0.840170485761672
4.11199999999971,-0.17542534734075402
4.11299999999971,-0.594159451092585
4.1139999999997094,0.228010777044488
4.11499999999971,1.10828091594691
4.11599999999971,0.5234330806318379
4.11699999999971,-0.562954682003198
4.11799999999971,-0.0571359005389495
4.118999999999709,0.942933049113355
4.11999999999971,1.20016019589499
4.12099999999971,-0.38993706249478005
4.1219999999997095,-0.31496600513314
4.12299999999971,0.41265831306687295
4.12399999999971,1.0775770829720699
4.12499999999971,0.0677849540277342
4.12599999999971,-0.633277194588715
4.126999999999709,0.113865982871547
4.12799999999971,0.8494030636929158
4.12899999999971,0.546945346928666
4.1299999999997095,-0.296383233397878
4.13099999999971,-0.42618031404502293
4.13199999999971,0.616195410280941
4.13299999999971,0.922728761733917
4.133999999999721,0.14299477548661
4.13499999999972,-0.7274262574592879
4.13599999999972,-0.0916289458289639
4.136999999999721,1.0794434450063901
4.13799999999972,0.4427940061675821
4.1389999999997205,0.149855575931272
4.139999999999721,-0.315016744497847
4.14099999999972,0.45078757387416296
4.141999999999721,0.9617056929751341
4.14299999999972,0.14963970109245903
4.14399999999972,-0.40499460651127
4.144999999999721,-0.0499655473767821
4.14599999999972,0.8605606570971229
4.1469999999997205,0.6968970969352021
4.147999999999721,-0.34452994188660896
4.14899999999972,-0.6063772749938721
4.149999999999721,0.330035031398281
4.15099999999972,1.10943467435855
4.15199999999972,-0.121559434945649
4.152999999999721,-0.7089837759115709
4.15399999999972,0.141262415751845
4.1549999999997205,1.19711422685714
4.155999999999721,0.9608966205831991
4.15699999999972,-0.5489529766545029
4.157999999999721,-0.205723987785458
4.15899999999972,0.7016612452564069
4.15999999999972,0.95357542539976
4.160999999999721,-0.0431855831422593
4.16199999999972,-0.29289142420476
4.1629999999997205,0.118660834989289
4.16399999999973,0.92106977357494
4.16499999999973,0.245647782968904
4.16599999999973,-0.42239139683220295
4.16699999999973,-0.2281967169359
4.16799999999973,0.6884259970590021
4.16899999999973,0.647066415689861
4.16999999999973,0.115399893996461
4.17099999999973,-0.49652852899915
4.17199999999973,0.259943126718224
4.17299999999973,1.00116439369209
4.17399999999973,0.5433244106241889
4.17499999999973,-0.313749761407094
4.17599999999973,-0.216173949005989
4.17699999999973,1.03919675272267
4.17799999999973,0.9002271508061992
4.17899999999973,0.38350021631736503
4.17999999999973,-0.45577752969201707
4.18099999999973,0.00772274018480994
4.18199999999973,1.17660843624158
4.18299999999973,0.509123727733277
4.18399999999973,-0.651996283474148
4.18499999999973,-0.541914746853722
4.18599999999973,0.661802964309747
4.18699999999973,1.0934414179041199
4.18799999999973,-0.46194854267434393
4.18899999999973,-0.684880156653402
4.18999999999973,0.137046253950975
4.19099999999973,1.02684722104211
4.19199999999973,0.327102411987185
4.19299999999973,-0.822764214164129
4.19399999999974,-0.0245150312945951
4.19499999999974,1.09976692373112
4.19599999999974,1.0274924595441
4.19699999999974,-0.18924966104205398
4.19799999999974,-0.240852215543462
4.1989999999997405,0.395573038004595
4.19999999999974,0.886250742256107
4.20099999999974,0.38841465735696995
4.20199999999974,-0.28108147459683197
4.20299999999974,-0.23301820202944196
4.20399999999974,0.680858748844955
4.20499999999974,0.45268460174798897
4.20599999999974,0.0767354674448749
4.2069999999997405,-0.5168891372038
4.20799999999974,0.241515703982107
4.20899999999974,0.916454353169297
4.20999999999974,0.461024475669775
4.21099999999974,-0.353226597743505
4.21199999999974,0.0409527981115707
4.21299999999974,0.9436336119739929
4.21399999999974,0.967432008820432
4.2149999999997405,-0.10060959825656698
4.21599999999974,-0.703361452410065
4.21699999999974,0.48774687772452796
4.21799999999974,1.21759178158582
4.21899999999974,0.34063661230373504
4.21999999999974,-0.58456913594177
4.22099999999974,-0.4282108886687971
4.22199999999974,0.866590814283521
4.22299999999975,0.755978337816872
4.223999999999751,-0.5999478219022399
4.22499999999975,-0.64949724776187
4.22599999999975,0.29026333441626195
4.22699999999975,1.07675694513995
4.22799999999975,-0.222384097853843
4.2289999999997505,-0.391358909949923
4.22999999999975,0.0161487370350125
4.23099999999975,0.8566504616392371
4.231999999999751,0.702687442781345
4.23299999999975,-0.177757175715026
4.23399999999975,-0.269999130290214
4.23499999999975,0.6360455124774499
4.23599999999975,0.899660369763812
4.2369999999997505,0.31118368909696803
4.23799999999975,-0.478765516003833
4.23899999999975,-0.022525208978872998
4.239999999999751,0.7261585039461371
4.24099999999975,0.575244150179829
4.24199999999975,-0.00856055129947449
4.24299999999975,-0.45706800039829104
4.24399999999975,0.6266530386437629
4.2449999999997505,0.9619699183963901
4.24599999999975,0.547738845748415
4.24699999999975,-0.5839083713450479
4.247999999999751,0.078004838501663
4.24899999999975,1.06081519106142
4.24999999999975,0.8295073953575179
4.25099999999975,-0.151570185713996
4.25199999999975,-0.38293515378743104
4.252999999999759,0.6770180653817329
4.25399999999976,1.19109256857132
4.25499999999976,-0.107425573573997
4.2559999999997595,-0.803607700781343
4.25699999999976,0.114070220352607
4.25799999999976,1.08165317720809
4.25899999999976,0.418318335583692
4.25999999999976,-0.521799931480068
4.260999999999759,-0.386559804629952
4.26199999999976,0.7974112660516651
4.26299999999976,0.906191473557445
4.2639999999997595,-0.19082705599560298
4.26499999999976,-0.7521099548521579
4.26599999999976,-0.0590905671966087
4.26699999999976,0.9439990091840871
4.26799999999976,0.391883723634028
4.268999999999759,-0.29039813417071997
4.26999999999976,-0.184591071233548
4.27099999999976,0.6226483777378249
4.2719999999997595,0.825022480551991
4.27299999999976,0.255521623096846
4.27399999999976,-0.534281862320073
4.27499999999976,0.26213498904662197
4.27599999999976,0.9689671870672059
4.276999999999759,0.7011629260731861
4.27799999999976,-0.34160677858476696
4.27899999999976,-0.38180570210928
4.2799999999997596,0.641600546486399
4.28099999999976,0.874793904955968
4.28199999999976,0.23415395072715
4.28299999999977,-0.808231639370136
4.28399999999977,0.10716304641118199
4.28499999999977,1.19999394207627
4.2859999999997695,0.35175485361676395
4.28699999999977,-0.6794225641741529
4.28799999999977,-0.244328553052571
4.28899999999977,0.9210956038950721
4.28999999999977,0.8204167714148851
4.29099999999977,-0.138281167533504
4.29199999999977,-0.367081601457448
4.29299999999977,0.336757124017509
4.29399999999977,1.3371622729208
4.29499999999977,0.0319407298246519
4.29599999999977,-0.699832759062789
4.29699999999977,-0.0737320200057068
4.29799999999977,0.800308308099641
4.29899999999977,0.730072165228987
4.29999999999977,-0.382990173765671
4.30099999999977,-0.47522097466983204
4.30199999999977,0.400374457898003
4.30299999999977,0.9149115497697391
4.30399999999977,0.360385801855324
4.30499999999977,-0.635251755734948
4.30599999999977,-0.46202437337883207
4.30699999999977,0.653594342203036
4.30799999999977,0.696581914681582
4.30899999999977,0.120332055767928
4.30999999999977,-0.351719714229257
4.31099999999977,0.344316525765483
4.31199999999977,0.955109607126607
4.31299999999978,0.7467958627601609
4.31399999999978,-0.612202416365761
4.31499999999978,-0.0973764256601007
4.3159999999997805,0.9122916940995219
4.31699999999978,0.945635702888135
4.31799999999978,-0.17320923433641103
4.31899999999978,-0.7947257947567409
4.31999999999978,0.3785484140356021
4.32099999999978,1.05363199885928
4.32199999999978,0.285904521254497
4.32299999999978,-0.7986691120299
4.3239999999997805,-0.32746632408015997
4.32499999999978,1.1891195844280902
4.32599999999978,0.614567679489034
4.32699999999978,-0.298860051771572
4.32799999999978,-0.39819202193882597
4.32899999999978,0.548717496589299
4.32999999999978,1.02669440204363
4.33099999999978,-0.0398014439004097
4.3319999999997805,-0.19254441113077397
4.33299999999978,0.0407364908561106
4.33399999999978,1.03672517755713
4.33499999999978,0.5073073515580739
4.33599999999978,-0.5094417573935279
4.33699999999978,-0.412071819503175
4.33799999999978,0.530580828302635
4.33899999999978,0.896830012425234
4.3399999999997805,0.16901225714473098
4.34099999999978,-0.42361661793274297
4.34199999999978,-0.0155615265145005
4.34299999999979,0.829992541714091
4.34399999999979,0.8487839028163259
4.34499999999979,-0.527828957359374
4.3459999999997905,-0.655006426881093
4.34699999999979,0.59638154657829
4.34799999999979,0.918535458705201
4.348999999999791,0.537916430540275
4.34999999999979,-0.599255970327589
4.35099999999979,-0.0235383851704875
4.35199999999979,1.1252850075223502
4.35299999999979,0.8782210263510379
4.3539999999997905,-0.251885521305123
4.35499999999979,-0.416706791488298
4.35599999999979,0.571810970525523
4.356999999999791,0.83604524053536
4.35799999999979,-0.0758011494507769
4.35899999999979,-0.8293243124539951
4.35999999999979,-0.0675443045462001
4.36099999999979,1.0710544461140898
4.3619999999997905,0.19123072258956697
4.36299999999979,-0.30955318456665004
4.36399999999979,-0.347182785174914
4.364999999999791,0.7568115833062591
4.36599999999979,0.840825109654163
4.36699999999979,0.0410545202544982
4.36799999999979,-0.35405938712674295
4.36899999999979,0.132257464175478
4.3699999999997905,1.0666148397998
4.37099999999979,0.516817689589249
4.37199999999979,0.0339829028353892
4.3729999999997995,-0.23798624982203603
4.3739999999998,0.6381835832569929
4.3749999999998,0.921450765814379
4.3759999999998,0.114898140898157
4.3769999999998,-0.48170771022810793
4.377999999999799,0.159209677588051
4.3789999999998,0.928045701104808
4.3799999999998,0.637044719349349
4.3809999999997995,-0.500959546356243
4.3819999999998,-0.3516056964315639
4.3829999999998,0.590382888295473
4.3839999999998,0.989482954349739
4.3849999999998,-0.192722869493999
4.385999999999799,-0.891239874507393
4.3869999999998,0.497976409807872
4.3879999999998,1.09614003114254
4.3889999999997995,0.843331932625686
4.3899999999998,-0.627384998644753
4.390999999999799,-0.193010250173979
4.3919999999998,1.0408697155117
4.3929999999998,0.875866022338356
4.393999999999799,-0.0510315683430903
4.3949999999998,-0.752041701831268
4.3959999999998,0.23430146295058898
4.3969999999997995,0.8623243213496171
4.3979999999998,-0.0840962609569796
4.398999999999799,-0.40165140181078596
4.3999999999998,-0.247781029096089
4.4009999999998,0.7863119046505409
4.401999999999799,0.5121114502444479
4.4029999999998095,-0.165226889655979
4.40399999999981,-0.49835401276907204
4.40499999999981,0.41659652928331503
4.40599999999981,1.08311547892296
4.40699999999981,0.36246168450172794
4.40799999999981,-0.14015160115040698
4.40899999999981,-0.160188602096043
4.40999999999981,0.778844488431266
4.4109999999998095,0.9399887835576729
4.41199999999981,0.0383032976735526
4.41299999999981,-0.553681430052995
4.41399999999981,0.233653393539629
4.41499999999981,1.1512767248445301
4.41599999999981,0.435501922801829
4.41699999999981,-0.7102989635890591
4.41799999999981,-0.196606883178121
4.4189999999998095,0.731016812025264
4.41999999999981,0.868242810067572
4.42099999999981,-0.480226874606122
4.42199999999981,-0.429476467572184
4.42299999999981,0.363663509926447
4.423999999999809,1.09826833222424
4.42499999999981,0.119405336959105
4.42599999999981,-0.5184849412980971
4.4269999999998095,0.273222662523695
4.42799999999981,1.0067126327681
4.42899999999981,0.7280210608902951
4.42999999999981,-0.142738862729961
4.43099999999981,-0.31288806033635497
4.431999999999809,0.635542575667962
4.43299999999982,0.9005050380519591
4.433999999999821,0.111281190260719
4.43499999999982,-0.7908776104064991
4.4359999999998205,-0.15809188192465698
4.436999999999821,0.971116958786524
4.43799999999982,0.29612677711945
4.438999999999821,0.00970744543986223
4.439999999999821,-0.47968285069252603
4.44099999999982,0.355257836127965
4.441999999999821,0.9219793218568249
4.44299999999982,0.103121317548459
4.4439999999998205,-0.35060567361444706
4.444999999999821,0.0391114144140142
4.44599999999982,1.02708031781165
4.446999999999821,0.861696321252677
4.447999999999821,-0.181025802762685
4.44899999999982,-0.436842403757661
4.449999999999821,0.45673060787261605
4.45099999999982,1.17669916525949
4.4519999999998205,0.0368396129732267
4.452999999999821,-0.7029175967827211
4.45399999999982,0.0173690076474871
4.454999999999821,1.1635169158157601
4.455999999999821,0.830352362644352
4.45699999999982,-0.706804571767492
4.457999999999821,-0.350062343866489
4.45899999999982,0.5241449855474001
4.4599999999998206,0.8227332984959741
4.460999999999821,-0.0939592300546322
4.46199999999982,-0.429844307597732
4.46299999999983,0.154294722969567
4.46399999999983,0.996981316964604
4.46499999999983,0.338658177414496
4.4659999999998305,-0.319982403859416
4.46699999999983,-0.0583838721694197
4.46799999999983,0.809865633609357
4.46899999999983,0.795324702555808
4.46999999999983,0.21571684348529302
4.47099999999983,-0.45257714253682896
4.47199999999983,0.21012605643881
4.47299999999983,0.9743402120430159
4.473999999999831,0.428099681507663
4.47499999999983,-0.427737124796262
4.47599999999983,-0.614922430405093
4.47699999999983,0.670848239378798
4.47799999999983,0.797637783147057
4.4789999999998305,0.329122011693214
4.47999999999983,-0.571872566484408
4.48099999999983,-0.0785332092301292
4.481999999999831,1.23147421007936
4.48299999999983,0.580634027329111
4.48399999999983,-0.525446842928565
4.48499999999983,-0.385224543197771
4.48599999999983,0.836921370792358
4.4869999999998305,1.2505524345731203
4.48799999999983,-0.41049575841429703
4.48899999999983,-0.6286652392758431
4.48999999999983,0.225560519148583
4.49099999999983,1.0378594071223999
4.49199999999983,0.252934891370576
4.49299999999984,-0.8519751359314091
4.49399999999984,-0.19876318220373299
4.494999999999839,0.972625388431784
4.49599999999984,0.797270552095121
4.49699999999984,-0.401295699886284
4.4979999999998395,-0.42626380474990705
4.49899999999984,0.320124755929364
4.499999999999839,0.843757535424937
4.50099999999984,0.386016277690502
4.50199999999984,-0.349223930670037
4.502999999999839,-0.11290613055008
4.50399999999984,0.8634005150650992
4.50499999999984,0.505528842528054
4.5059999999998395,0.197699479335253
4.50699999999984,-0.39594527357715503
4.507999999999839,0.46782067024278706
4.50899999999984,0.992824755652331
4.50999999999984,0.523433494657016
4.510999999999839,-0.317150102887096
4.51199999999984,-0.0126679758358033
4.51299999999984,0.7866017203856971
4.5139999999998395,0.8348035452687008
4.51499999999984,-0.240477468380173
4.515999999999839,-0.886233566273396
4.51699999999984,0.329697633523268
4.51799999999984,1.14833811966465
4.518999999999839,0.32281340057738894
4.51999999999984,-0.5714292062089991
4.52099999999984,-0.400217486025309
4.5219999999998395,0.926611012636124
4.52299999999985,0.8839515626887471
4.52399999999985,-0.46683802734802393
4.524999999999849,-0.470858596638705
4.52599999999985,0.383176710802684
4.52699999999985,1.21062540049163
4.5279999999998495,-0.11649727388060302
4.52899999999985,-0.344508827779583
4.52999999999985,0.0142157445741812
4.53099999999985,0.8189822161599
4.53199999999985,0.6106150213851529
4.532999999999849,-0.31694341695022604
4.53399999999985,-0.393334446502551
4.53499999999985,0.44784472753109605
4.5359999999998495,0.7583897986531691
4.53699999999985,0.20315552092332698
4.53799999999985,-0.595154738915981
4.53899999999985,-0.028116299729532005
4.53999999999985,0.7553836468843159
4.540999999999849,0.615239480081643
4.54199999999985,0.0768333588257816
4.54299999999985,-0.30215250273288397
4.5439999999998495,0.79283299403221
4.54499999999985,1.12850733455282
4.54599999999985,0.656995056644561
4.54699999999985,-0.49878874814886803
4.54799999999985,0.120307914697595
4.548999999999849,1.06412347212622
4.54999999999985,0.7626100358950371
4.55099999999985,-0.239629667520037
4.5519999999998495,-0.47630508794646703
4.5529999999998605,0.5166121734846599
4.553999999999861,1.0533686637718
4.55499999999986,-0.171798280029388
4.555999999999861,-0.634415005767923
4.556999999999861,0.14204599555086403
4.55799999999986,1.02283275923626
4.558999999999861,0.429936024835286
4.55999999999986,-0.430344778984877
4.5609999999998605,-0.257490046982425
4.561999999999861,0.9137465879775329
4.56299999999986,1.1032576839991202
4.563999999999861,-0.0476708668045166
4.564999999999861,-0.5973641460652359
4.56599999999986,0.108998431208273
4.566999999999861,1.02444977211429
4.56799999999986,0.394171445761841
4.5689999999998605,-0.310177277967164
4.569999999999861,-0.29088967851496006
4.57099999999986,0.47093401372562
4.571999999999861,0.664123819151889
4.572999999999861,0.10290295453675098
4.57399999999986,-0.682826676753712
4.574999999999861,0.155643760761822
4.57599999999986,0.77238241816649
4.5769999999998605,0.572544955928421
4.577999999999861,-0.40861265556685106
4.57899999999986,-0.278065511534164
4.579999999999861,0.7275935371809721
4.580999999999861,0.9839347396186509
4.58199999999986,0.349656328574282
4.58299999999987,-0.6556030595210269
4.58399999999987,0.22934014879473
4.58499999999987,1.22743740368974
4.58599999999987,0.69435156161248
4.58699999999987,-0.510240792933317
4.58799999999987,-0.181790871254154
4.58899999999987,0.855218241802186
4.58999999999987,0.690430307849019
4.59099999999987,-0.259872329974445
4.59199999999987,-0.610865103663729
4.59299999999987,0.169310098401985
4.59399999999987,1.24661375780839
4.59499999999987,-0.10330255319827
4.59599999999987,-0.7807886967853961
4.59699999999987,-0.20192783813519102
4.59799999999987,0.7705186651787059
4.59899999999987,0.824170153932282
4.59999999999987,-0.233966924443517
4.60099999999987,-0.311379328341833
4.60199999999987,0.575793996090068
4.60299999999987,1.0950502406827
4.60399999999987,0.487630100457052
4.60499999999987,-0.49773018115901596
4.60599999999987,-0.385781647314205
4.60699999999987,0.7010101915222131
4.60799999999987,0.6772667519019889
4.60899999999987,0.0268754242421331
4.60999999999987,-0.508343442325746
4.61099999999987,0.23382287951314001
4.61199999999987,0.8209719544895699
4.61299999999988,0.593268437707225
4.61399999999988,-0.7482153931556271
4.614999999999879,-0.13207121555008303
4.61599999999988,0.858449688407346
4.616999999999879,0.9454752839396859
4.6179999999998795,-0.160145571578682
4.61899999999988,-0.7070024274271421
4.619999999999879,0.515636656660511
4.62099999999988,1.2045277316616898
4.62199999999988,0.52165497095214
4.622999999999879,-0.611982574295806
4.62399999999988,-0.19739268679938
4.624999999999879,1.22427129805443
4.6259999999998795,0.619189234170849
4.62699999999988,-0.35340934062789703
4.627999999999879,-0.421915385029613
4.62899999999988,0.43493852202094
4.62999999999988,0.898894162486882
4.630999999999879,-0.175549151331118
4.63199999999988,-0.38764742455215095
4.632999999999879,-0.157766457410493
4.6339999999998795,0.941549982562744
4.63499999999988,0.4981136164943761
4.635999999999879,-0.509766317630739
4.63699999999988,-0.36287563861537797
4.63799999999988,0.577345430916827
4.638999999999879,1.02536170487505
4.63999999999988,0.32410059559821097
4.640999999999879,-0.249485106722927
4.6419999999998796,0.133748559311299
4.64299999999989,0.868410595120614
4.64399999999989,0.899468808480604
4.644999999999889,-0.392021305178224
4.64599999999989,-0.731712981434043
4.64699999999989,0.522517561102428
4.6479999999998896,0.8138640275059159
4.64899999999989,0.42789615080585097
4.649999999999889,-0.7496820984980831
4.65099999999989,-0.17251104291156302
4.65199999999989,1.02791454677095
4.6529999999998894,0.6609209467829941
4.65399999999989,-0.359708898848904
4.65499999999989,-0.493767096783117
4.65599999999989,0.592521344309458
4.65699999999989,0.9028013609105401
4.657999999999889,0.0424165977022448
4.65899999999989,-0.709840111303657
4.65999999999989,0.105291617298461
4.6609999999998895,1.2245058890291598
4.66199999999989,0.45251328095788895
4.66299999999989,-0.209185071413101
4.66399999999989,-0.270516175569184
4.66499999999989,0.7772540243985699
4.665999999999889,0.793500639806249
4.66699999999989,-0.05589992188636099
4.66799999999989,-0.464478389683349
4.6689999999998895,0.000754705482361534
4.66999999999989,0.904511532709261
4.67099999999989,0.387555337741253
4.67199999999989,-0.200838211235496
4.672999999999901,-0.408887382121567
4.673999999999901,0.608894004500864
4.6749999999999,1.01598237980301
4.675999999999901,0.174531338282692
4.6769999999999,-0.35581485602168
4.6779999999999005,0.286372081686659
4.678999999999901,1.12202798697838
4.6799999999999,0.7808551607859
4.680999999999901,-0.37748711151275205
4.6819999999999,-0.296215521906096
4.6829999999999,0.73357484038323
4.683999999999901,1.12067350769455
4.6849999999999,-0.236542183488312
4.6859999999999005,-0.9538564468954641
4.686999999999901,0.295744619810103
4.6879999999999,0.960033833178581
4.688999999999901,0.704774576397201
4.6899999999999,-0.759717143571557
4.6909999999999,-0.269339487274576
4.691999999999901,0.9895120950153481
4.6929999999999,0.755923377335838
4.6939999999999005,-0.117294395799949
4.694999999999901,-0.791565809828393
4.6959999999999,0.320789080575834
4.696999999999901,1.02947873915854
4.6979999999999,0.0462558856152942
4.6989999999999,-0.23690516198351502
4.699999999999901,-0.0896449963076992
4.7009999999999,0.878724414342344
4.7019999999999005,0.623993358649347
4.70299999999991,-0.0891613565918152
4.70399999999991,-0.509415583843595
4.70499999999991,0.38799334793151297
4.70599999999991,0.951565395088357
4.70699999999991,0.23947127639584304
4.70799999999991,-0.31117387057445
4.70899999999991,-0.324234693873788
4.70999999999991,0.6119862807461021
4.71099999999991,0.8401704865867672
4.71199999999991,-0.17542534725136902
4.71299999999991,-0.5941594516591071
4.71399999999991,0.22801077617015802
4.71499999999991,1.10828091607028
4.71599999999991,0.523433081427481
4.71699999999991,-0.562954682045109
4.71799999999991,-0.0571359018156768
4.71899999999991,0.9429330483997249
4.71999999999991,1.20016019640855
4.72099999999991,-0.38993706243235604
4.72199999999991,-0.314966006119001
4.72299999999991,0.412658311978497
4.72399999999991,1.0775770829351898
4.72499999999991,0.0677849606341668
4.72599999999991,-0.633277194864587
4.72699999999991,0.113865981713786
4.72799999999991,0.849403062629112
4.72899999999991,0.546945346718957
4.72999999999991,-0.296383232807227
4.73099999999991,-0.42618031503189296
4.73199999999991,0.616195408401939
4.73299999999992,0.922728761888587
4.73399999999992,0.142994776187746
4.73499999999992,-0.7274262575680551
4.73599999999992,-0.0916289469617845
4.73699999999992,1.0794434444485
4.7379999999999205,0.44279400713640993
4.73899999999992,0.14985557683994
4.73999999999992,-0.31501674503993604
4.74099999999992,0.45078757275703296
4.74199999999992,0.961705693581114
4.74299999999992,0.14963970253672798
4.74399999999992,-0.404994606834451
4.74499999999992,-0.0499655491874226
4.7459999999999205,0.8605606568827601
4.74699999999992,0.696897097646577
4.74799999999992,-0.344529941976721
4.74899999999992,-0.606377275774204
4.74999999999992,0.33003501453601003
4.75099999999992,1.10943467478706
4.75199999999992,-0.121559434724346
4.75299999999992,-0.7089837761047
4.7539999999999205,0.141262414879645
4.75499999999992,1.1971142263419898
4.75599999999992,0.9608966211308699
4.75699999999992,-0.548952975876055
4.75799999999992,-0.20572398882732604
4.75899999999992,0.7016612443540821
4.75999999999992,0.9535754256943771
4.76099999999992,-0.0431855825898142
4.761999999999929,-0.29289142506688
4.76299999999993,0.11866083353861
4.76399999999993,0.9210697730280321
4.7649999999999295,0.245647783355004
4.76599999999993,-0.422391396152586
4.766999999999929,-0.228196717705513
4.76799999999993,0.688425995559072
4.76899999999993,0.647066415810931
4.769999999999929,0.115399894804931
4.77099999999993,-0.49652852951865206
4.77199999999993,0.259943124953358
4.7729999999999295,1.00116439343623
4.77399999999993,0.543324411394174
4.774999999999929,-0.31374976526153003
4.77599999999993,-0.21617395043747398
4.77699999999993,1.0391967520362801
4.777999999999929,0.9002271517388041
4.77899999999993,0.383500216799876
4.77999999999993,-0.45577753000936605
4.7809999999999295,0.00772273861988575
4.78199999999993,1.1766084362933602
4.782999999999929,0.509123728238004
4.78399999999993,-0.6519962832386271
4.78499999999993,-0.541914748467639
4.785999999999929,0.661802963513471
4.78699999999993,1.09344141902522
4.78799999999993,-0.461948542234768
4.7889999999999295,-0.6848801567278979
4.78999999999993,0.137046253376839
4.790999999999929,1.0268472209053299
4.79199999999994,0.327102412492845
4.792999999999941,-0.822764213727597
4.79399999999994,-0.024515032462852002
4.79499999999994,1.09976692255027
4.795999999999941,1.02749245937649
4.79699999999994,-0.189249660109876
4.7979999999999405,-0.2408522160715
4.79899999999994,0.39557303663908006
4.79999999999994,0.886250738705508
4.800999999999941,0.38841465788207397
4.80199999999994,-0.281081474585794
4.80299999999994,-0.23301820323604996
4.803999999999941,0.680858748085857
4.80499999999994,0.45268460237321007
4.8059999999999405,0.0767354685516759
4.80699999999994,-0.51688913764124
4.80799999999994,0.24151570252530605
4.808999999999941,0.9164543533793491
4.80999999999994,0.461024476855442
4.81099999999994,-0.35322659795019
4.811999999999941,0.0409527963126818
4.81299999999994,0.9436336112436321
4.8139999999999405,0.967432009532049
4.81499999999994,-0.10060959797655199
4.81599999999994,-0.703361452921651
4.816999999999941,0.48774687665547295
4.81799999999994,1.21759178211528
4.81899999999994,0.340636612616485
4.819999999999941,-0.5845691358965239
4.82099999999994,-0.428210889642959
4.82199999999995,0.866590813589298
4.82299999999995,0.7559783380613341
4.82399999999995,-0.5999478212565911
4.8249999999999496,-0.649497247658956
4.82599999999995,0.290263333183939
4.82699999999995,1.07675694520204
4.82799999999995,-0.22238409696381503
4.82899999999995,-0.39135890971526005
4.82999999999995,0.0161487361125462
4.83099999999995,0.8566504609368131
4.83199999999995,0.702687443039469
4.83299999999995,-0.17775717509705896
4.83399999999995,-0.26999913107267304
4.83499999999995,0.6360455106285621
4.83599999999995,0.8996603697975899
4.83699999999995,0.311183690204136
4.83799999999995,-0.47876551684932
4.83899999999995,-0.0225252104878165
4.83999999999995,0.7261585033773621
4.84099999999995,0.5752441507890071
4.84199999999995,-0.00856055081654509
4.84299999999995,-0.457068001267955
4.84399999999995,0.6266530374554411
4.84499999999995,0.9619699189152429
4.84599999999995,0.5477388465768921
4.84699999999995,-0.5839083714858659
4.84799999999995,0.0780048369807708
4.84899999999995,1.0608151908966899
4.84999999999995,0.8295073909455459
4.85099999999995,-0.151570185838303
4.85199999999996,-0.382935155288307
4.85299999999996,0.6770180642221559
4.85399999999996,1.19109256837592
4.8549999999999605,-0.107425573544777
4.85599999999996,-0.803607700788447
4.85699999999996,0.11407021949709199
4.85799999999996,1.0816531764414599
4.85899999999996,0.418318336194496
4.85999999999996,-0.521799930777451
4.86099999999996,-0.38655980547265606
4.86199999999996,0.7974112648735
4.8629999999999605,0.9061914731749201
4.86399999999996,-0.19082705487170898
4.86499999999996,-0.7521099552105741
4.86599999999996,-0.0590905684400857
4.86699999999996,0.9439990089331959
4.86799999999996,0.39188372471090294
4.86899999999996,-0.29039813392777103
4.86999999999996,-0.18459107197504301
4.8709999999999605,0.622648376626176
4.87199999999996,0.8250224809016179
4.87299999999996,0.25552162424858604
4.87399999999996,-0.534281862600113
4.87499999999996,0.26213498584526995
4.87599999999996,0.9689671869042741
4.87699999999996,0.7011629266844951
4.87799999999996,-0.341606778673161
4.8789999999999605,-0.38180570341562503
4.87999999999996,0.641600545556708
4.88099999999996,0.87479390566394
4.8819999999999695,0.23415395114511603
4.88299999999997,-0.8082316400315809
4.883999999999969,0.10716304495849799
4.88499999999997,1.19999394192453
4.88599999999997,0.351754854463688
4.886999999999969,-0.6794225636514529
4.88799999999997,-0.24432855403059603
4.88899999999997,0.921095602812175
4.8899999999999695,0.820416771261782
4.89099999999997,-0.13828116748905
4.891999999999969,-0.367081601707084
4.89299999999997,0.336757122963133
4.89399999999997,1.33716227269501
4.894999999999969,0.0319407305476304
4.89599999999997,-0.6998327584073261
4.89699999999997,-0.0737320208905119
4.8979999999999695,0.800308307199413
4.89899999999997,0.7300721657421279
4.899999999999969,-0.3829901764557929
4.90099999999997,-0.47522097516480394
4.90199999999997,0.40037445618938794
4.902999999999969,0.9149115497220122
4.90399999999997,0.360385802917289
4.904999999999969,-0.635251755713988
4.9059999999999695,-0.46202437443915395
4.90699999999997,0.653594341521258
4.907999999999969,0.696581915327761
4.90899999999997,0.120332056704108
4.90999999999997,-0.35171971475627006
4.910999999999969,0.34431652451172395
4.91199999999998,0.955109607826025
4.912999999999981,0.7467958632786329
4.91399999999998,-0.6122024164218051
4.9149999999999805,-0.0973764273332886
4.91599999999998,0.9122916935767379
4.91699999999998,0.94563570372406
4.917999999999981,-0.173209234124281
4.91899999999998,-0.7947257957073821
4.91999999999998,0.378548412905627
4.920999999999981,1.05363199824112
4.92199999999998,0.285904520974028
4.9229999999999805,-0.798669111811774
4.92399999999998,-0.327466325075149
4.92499999999998,1.18911957526466
4.925999999999981,0.6145676795233929
4.92699999999998,-0.298860050922916
4.92799999999998,-0.39819202282928295
4.928999999999981,0.548717495423752
4.92999999999998,1.02669440160402
4.9309999999999805,-0.0398014432855761
4.93199999999998,-0.192544410846687
4.93299999999998,0.0407364895742219
4.933999999999981,1.03672517680184
4.93499999999998,0.507307352394918
4.93599999999998,-0.5094417563942271
4.936999999999981,-0.412071820044758
4.93799999999998,0.530580826654791
4.9389999999999805,0.896830011969478
4.93999999999998,0.16901225814920098
4.94099999999998,-0.42361661822860597
4.94199999999999,-0.0155615282339609
4.942999999999991,0.8299925413628291
4.94399999999999,0.84878390379557
4.9449999999999905,-0.527828957204728
4.945999999999991,-0.655006427732924
4.94699999999999,0.596381545848317
4.947999999999991,0.918535459200163
4.94899999999999,0.5379164314390941
4.94999999999999,-0.5992559782539859
4.950999999999991,-0.0235383852877088
4.95199999999999,1.12528500733659
4.9529999999999905,0.8782210269603691
4.953999999999991,-0.251885521280498
4.95499999999999,-0.4167067930067321
4.955999999999991,0.5718109696136989
4.95699999999999,0.836045240135244
4.95799999999999,-0.0758011493052146
4.958999999999991,-0.8293243125138059
4.95999999999999,-0.0675443056666545
4.9609999999999905,1.0710544450843
4.961999999999991,0.19123072295577304
4.96299999999999,-0.309553183943965
4.963999999999991,-0.34718278591479895
4.96499999999999,0.7568115816863861
4.96599999999999,0.8408251098409921
4.966999999999991,0.0410545213273394
4.96799999999999,-0.35405938735327297
4.9689999999999905,0.132257462806534
4.969999999999991,1.0666148391999901
4.97099999999999,0.516817690616524
4.9719999999999995,0.0339829028103507
4.973,-0.23798625056064102
4.974,0.6381835822659151
4.975,0.921450762406433
4.976,0.11489814203193902
4.977,-0.481707710679121
4.978,0.159209676083682
4.979,0.928045700928504
4.98,0.6370447202487
4.981,-0.500959546899819
4.982,-0.35160569811363696
4.9830000000000005,0.590382887492569
4.984,0.9894829548960591
4.985,-0.192722869020954
4.986000000000001,-0.891239874922934
4.987,0.49797640912646
4.988,1.09614003087649
4.989,0.8433319328632891
4.99,-0.6273849980219169
4.9910000000000005,-0.19301025140630104
4.992,1.04086971436242
4.993,0.8758660227069079
4.994,-0.0510315677305856
4.995,-0.7520417023171679
4.996,0.23430146158151
4.997,0.862324321285851
4.998,-0.0840962604974105
4.999,-0.401651401184751
5.0,-0.24778103673600302
5.001,0.7863119003996469
5.0020000000000095,0.512111451037082
5.00300000000001,-0.16522688844592
5.004000000000009,-0.49835401340378904
5.00500000000001,0.41659652707312206
5.006000000000009,1.08311547962181
5.007000000000009,0.362461685697659
5.00800000000001,-0.140151600912693
5.009000000000009,-0.16018860340814098
5.01000000000001,0.778844487683925
5.01100000000001,0.9399887841368921
5.012000000000009,0.0383032974816647
5.01300000000001,-0.5536814307128979
5.014000000000009,0.23365339254014603
5.0150000000000095,1.1512767245585
5.01600000000001,0.435501923501511
5.017000000000009,-0.710298963629332
5.01800000000001,-0.19660688437117999
5.01900000000001,0.7310168116650579
5.020000000000009,0.8682428102309409
5.02100000000001,-0.480226874789034
5.022000000000009,-0.429476469092284
5.0230000000000095,0.36366350907615796
5.02400000000001,1.09826833248801
5.025000000000009,0.11940526103098
5.02600000000001,-0.518484942043932
5.02700000000001,0.27322266214489804
5.028000000000009,1.0067126325058
5.02900000000001,0.728021060752978
5.030000000000009,-0.14273886227099
5.0310000000000095,-0.312888061884759
5.03200000000002,0.635542573671249
5.03300000000002,0.9005050373880659
5.034000000000019,0.11128119074468301
5.03500000000002,-0.790877610644846
5.03600000000002,-0.15809188306053
5.0370000000000195,0.971116958429822
5.03800000000002,0.29612677832175893
5.039000000000019,0.00970744621985801
5.04000000000002,-0.479682852283106
5.04100000000002,0.35525783479400297
5.042000000000019,0.9219793222722891
5.04300000000002,0.103121319093464
5.04400000000002,-0.350605673646463
5.0450000000000195,0.0391114131048007
5.04600000000002,1.02708031740206
5.047000000000019,0.8616963217835921
5.04800000000002,-0.181025802862772
5.04900000000002,-0.436842404740469
5.050000000000019,0.456730807166671
5.05100000000002,1.17669916343913
5.05200000000002,0.0368396138142955
5.0530000000000195,-0.702917596693225
5.05400000000002,0.0173690064587216
5.055000000000019,1.1635169153862799
5.05600000000002,0.8303523630471159
5.05700000000002,-0.70680457137863
5.058000000000019,-0.35006234522512303
5.05900000000002,0.524144983724951
5.06000000000002,0.8227332987057191
5.0610000000000195,-0.0939592294480992
5.0620000000000305,-0.42984430865674295
5.063000000000031,0.154294721224239
5.06400000000003,0.9969813176931421
5.065000000000031,0.33865817761909
5.06600000000003,-0.319982403641
5.06700000000003,-0.0583838730631201
5.068000000000031,0.809865632176615
5.06900000000003,0.79532470254246
5.0700000000000305,0.21571684430451898
5.071000000000031,-0.45257714213740996
5.07200000000003,0.21012605459479297
5.073000000000031,0.974340211880391
5.07400000000003,0.42809968220753297
5.07500000000003,-0.427737031304935
5.076000000000031,-0.614922430990792
5.07700000000003,0.670848238807725
5.0780000000000305,0.7976377838982719
5.079000000000031,0.32912201223661497
5.08000000000003,-0.57187256734479
5.081000000000031,-0.0785332108893472
5.08200000000003,1.23147421009867
5.08300000000003,0.580634027671287
5.084000000000031,-0.525446843101432
5.08500000000003,-0.385224545894758
5.0860000000000305,0.8369213701503271
5.087000000000031,1.25055243562675
5.08800000000003,-0.41049575809601896
5.089000000000031,-0.628665239420646
5.09000000000003,0.225560517667895
5.09100000000003,1.03785940657017
5.09200000000004,0.252934891455258
5.09300000000004,-0.8519751352066178
5.09400000000004,-0.19876318293894898
5.09500000000004,0.9726253869776791
5.09600000000004,0.797270552042053
5.0970000000000395,-0.40129569965135403
5.09800000000004,-0.426263805206587
5.09900000000004,0.320124754855194
5.10000000000004,0.8437575073124692
