t,ia,ib,ic
24.1000000000065,-3.64671499788121,-45.4281843012644,49.074899299145606
24.1010000000065,11.115721660658698,-51.7398513309097,40.624129670251
24.1020000000065,28.443764567650103,-54.3876823320816,25.9439177644315
24.1030000000065,42.1324822555238,-51.41634885820971,9.28386660268593
24.1040000000065,50.32470557485129,-44.4414259706015,-5.88327960424974
24.1050000000065,53.9688850116303,-31.1349933065601,-22.8338917050702
24.1060000000065,52.97451399646361,-14.4587604704846,-38.515753525979
24.1070000000065,46.769095130398,1.2869370029273999,-48.056032133325395
24.1080000000065,36.6826796643882,16.671469213611,-53.3541488779992
24.1090000000065,20.2652852273481,34.034046798060395,-54.299332025408496
24.1100000000065,3.7333989734998596,45.18466285894,-48.918061832439896
24.1110000000065,-10.9847836629512,51.379238864276,-40.3944552013247
24.1120000000065,-28.683509640617498,54.952736167801895,-26.2692265271844
24.1130000000065,-42.2541804828055,51.7927226950045,-9.53854221219895
24.1140000000065,-49.8431460179652,43.55605626541929,6.28708975254593
24.1150000000065,-54.078938274167605,31.461712501040697,22.617225773126897
24.116000000006498,-53.519059875918295,14.8752120188553,38.643847857063
24.1170000000065,-46.6238522434046,-1.41803632228238,48.041888565686904
24.1180000000065,-36.3912322561667,-16.8861094698841,53.2773417260508
24.119000000006498,-19.9953203777457,-33.7881451282399,53.7834655059856
24.1200000000065,-4.01673605796144,-45.3138300229881,49.330566080949495
24.1210000000065,11.0271253384341,-51.857035491977605,40.8299101535435
24.122000000006498,28.738608590479803,-54.642943218656995,25.9043346281772
24.1230000000065,42.129108241701296,-51.1488430592608,9.019734817559481
24.1240000000065,50.017896985494296,-43.5877863108767,-6.430110674617571
24.125000000006498,53.9554853854501,-32.0380130579352,-21.917472327515
24.1260000000065,53.581544115256,-14.795920959193401,-38.785623156062606
24.1270000000065,46.517554317327296,1.5090378154156399,-48.026592132743
24.128000000006498,36.2827782184164,16.8138954863851,-53.0966737048015
24.1290000000065,20.2536584448396,33.615032009236806,-53.86869045407639
24.1300000000065,4.620126801199531,45.4453755375515,-50.065502338751
24.131000000006498,-11.553250648162802,51.9624241865839,-40.4091735384211
24.1320000000065,-29.0936782983011,54.5984430489136,-25.5047647506125
24.1330000000065,-41.8859015717276,51.108480084386905,-9.222578512659279
24.1340000000065,-50.020825836972506,43.7734977175946,6.24732811937793
24.1350000000065,-54.1920170704583,31.9691285952287,22.222888475229603
24.1360000000065,-53.1163998876667,14.4235734812641,38.6928264064026
24.1370000000065,-46.6655107191497,-1.35932824544768,48.0248389645974
24.1380000000065,-36.516894373342204,-16.5611595657273,53.0780539390695
24.1390000000065,-20.497366488192398,-33.896590693569195,54.3939571817615
24.1400000000065,-4.32465290031995,-45.3813771535427,49.7060300538626
24.1410000000065,11.608651404614001,-51.7847291678545,40.1760777632405
24.1420000000065,28.7846222687151,-54.4826488466315,25.698026577916398
24.1430000000065,42.0115195900062,-51.3447254164446,9.333205826438391
24.1440000000065,50.2718032046826,-44.4657453478611,-5.806057856821481
24.1450000000065,54.0541344343641,-31.1198485964823,-22.9342858378818
24.1460000000065,52.9448239076223,-14.4129242326158,-38.5318996750065
24.1470000000065,46.75982286062779,1.2574221285838898,-48.017244989211704
24.148000000006498,36.664878382512896,16.6019836268258,-53.2668620093387
24.1490000000065,20.3028058261538,34.0629109807076,-54.3657168068614
24.1500000000065,3.6787859573281803,45.258630856122,-48.937416813450206
24.151000000006498,-11.002640099114302,51.3481131311598,-40.3454730320455
24.1520000000065,-28.644302089880398,54.931356926216296,-26.287054836335898
24.1530000000065,-42.1107913077489,51.3614263618098,-9.25063505406089
24.154000000006498,-50.185238149778996,44.35168379496329,5.83355435481571
24.1550000000065,-53.9119187254377,31.138122345826396,22.7737963796113
24.1560000000065,-53.088916399549504,14.6061416169975,38.482774782552
24.157000000006498,-47.5729254581032,-0.511194361376456,48.0841198194797
24.1580000000065,-36.0101529526405,-17.3757794583372,53.38593241097771
24.1590000000065,-19.8911338576556,-33.9749277845786,53.8660616422342
24.160000000006498,-3.9204804762199403,-45.3391191195923,49.259599595812205
24.1610000000065,10.9914442908937,-51.7993176297527,40.8078733388589
24.1620000000065,28.7499133615806,-54.6826831765953,25.9327698150147
24.163000000006498,42.2370150104815,-51.62921596557611,9.39220095509454
24.1640000000065,49.77121567476949,-43.5305419050049,-6.240673769764661
24.1650000000066,54.04958396670921,-31.6400864448142,-22.4094975218949
24.166000000006598,53.618721367250096,-14.8267287927951,-38.791992574455
24.1670000000066,46.57743912187821,1.5203830159106002,-48.0978221377888
24.1680000000066,36.2676720641786,16.8644119200485,-53.132083984227
24.169000000006598,20.145819457289104,33.6844933745779,-53.83031283186689
24.1700000000066,4.0387118980791605,45.3781248359575,-49.4168367340367
24.1710000000066,-11.112866505689599,51.9932384737885,-40.8803719680989
24.172000000006598,-28.751075522923603,54.500451069246594,-25.749375546322998
24.1730000000066,-42.0660278888021,51.196647457446794,-9.13061956864468
24.1740000000066,-49.9355037510004,43.70086778620011,6.23463596480024
24.175000000006598,-54.178317691466106,32.028771774572,22.149545916894102
24.1760000000066,-53.5114052410014,14.662517174920302,38.8488880660811
24.1770000000066,-46.4438957788011,-1.4409929723580701,47.8848887511592
24.178000000006598,-36.3622224070276,-16.7596873330507,53.1219097400784
24.1790000000066,-20.345746128417197,-33.6571313214904,54.0028774499076
24.1800000000066,-4.38598329527133,-45.609644988107995,49.9956282833794
24.1810000000066,11.538117832113599,-51.805183151714495,40.267065319600896
24.1820000000066,28.7011430472364,-54.3975942322254,25.696451184988998
24.1830000000066,42.065007048084794,-51.3549900760915,9.28998302800665
24.1840000000066,50.223373139695,-43.81858559941671,-6.404787540278269
24.1850000000066,54.0658069021376,-31.7978171799647,-22.2679897221729
24.1860000000066,52.985297867404206,-14.405240408492201,-38.580057458912
24.1870000000066,46.74632300225839,1.26455336594872,-48.0108763682071
24.1880000000066,36.630307189584705,16.590993796235303,-53.22130098582
24.1890000000066,20.378640728320104,33.9906378568202,-54.36927858514029
24.1900000000066,3.647343579095,45.345233797091396,-48.9925773761864
24.1910000000066,-10.9668622578177,51.654100020169295,-40.6872377623516
24.1920000000066,-28.580948684867302,54.57530417468579,-25.994355489818503
24.1930000000066,-42.1587473047686,51.3962715358725,-9.23752423110389
24.1940000000066,-50.2422381335784,44.4012449259861,5.84099320759226
24.195000000006598,-53.9643848714964,31.0870231164372,22.877361755059198
24.1960000000066,-52.99110062899079,14.5485529932886,38.442547635702205
24.1970000000066,-46.807521181195,-1.3401191196423,48.147640300837296
24.198000000006598,-36.6135525233417,-16.7145955202502,53.3281480435919
24.1990000000066,-20.231906626198498,-34.0289440173002,54.26085064349879
24.2000000000066,-3.77923309801566,-45.125839831270504,48.9050729292861
24.201000000006598,11.086564245367,-51.4639660152042,40.377401769837206
24.2020000000066,28.5203081860356,-54.879287027028504,26.3589788409929
24.2030000000066,42.260886208698004,-51.333888245733796,9.07300203703578
24.204000000006598,50.1286630026168,-43.60194998774839,-6.52671301486841
24.2050000000066,53.80247505795361,-31.870375848155103,-21.932099209798498
24.2060000000066,53.26132182851979,-14.7218344888409,-38.5394873396789
24.207000000006598,47.513652324563104,0.636530346678175,-48.150182671241296
24.2080000000066,35.8150606547622,17.4861810462206,-53.3012417009828
24.2090000000066,20.058942054042397,33.7608910630602,-53.819833117102604
24.2100000000066,4.03502467631332,45.3234343028522,-49.3584589791655
24.2110000000066,-11.1169714611561,52.00795213804871,-40.8909806768925
24.2120000000066,-28.8313706614402,54.5772465419967,-25.745875880556504
24.2130000000066,-42.021907290093004,51.139079427700395,-9.117172137607401
24.2140000000066,-49.95057935705529,43.707213759396495,6.24336559765882
24.2150000000066,-54.1276003335727,32.0025466044341,22.1250537291387
24.2160000000066,-53.524948794884395,14.7039437561107,38.821005038773706
24.2170000000066,-46.4374835384082,-1.5019044125540701,47.93938795096229
24.2180000000066,-36.313616339208295,-16.7775338476225,53.091150186830795
24.2190000000066,-20.322189111224603,-33.638520375988,53.960709487212604
24.2200000000066,-3.85262026336181,-45.5340406708205,49.3866609341823
24.2210000000066,11.115250657418699,-51.8781271782704,40.7628765208518
24.2220000000066,28.5037142964704,-54.33029213306129,25.8265778365909
24.2230000000066,42.11634962121239,-51.3416838779809,9.22533425676857
24.2240000000066,50.15738251683929,-43.84539030794729,-6.311992208892
24.2250000000066,54.081209958558205,-31.8785096650389,-22.202700293519396
24.2260000000066,53.42352923712271,-14.6200034240971,-38.8035258130256
24.227000000006598,46.4669663856915,1.3525867594408403,-47.819553145132296
24.2280000000066,36.507660491421596,16.7270486634519,-53.23470915487351
24.2290000000066,20.393071486807603,34.0215861531926,-54.41465764000029
24.230000000006598,4.37252577518363,45.291354746848896,-49.6638805220325
24.2310000000066,-11.535594693171301,51.7012682818689,-40.1656735886975
24.2320000000066,-28.825429909183804,54.577334773771,-25.751904864587196
24.233000000006598,-42.0759450570737,51.40826288032989,-9.332317823256131
24.2340000000066,-50.262310134759396,44.453567737883795,5.80874239687562
24.2350000000066,-54.040844632009204,31.0759650794695,22.964879552539703
24.236000000006598,-52.93794643816479,14.4794818516927,38.458464586472104
24.2370000000066,-46.773402315411396,-1.32794292115095,48.101345236562395
24.2380000000066,-36.620771993683206,-16.7196478519217,53.3404198456049
24.239000000006598,-20.2248789574021,-34.010794625486604,54.2356735828887
24.2400000000066,-3.73200889553146,-45.1818339515734,48.913842847104796
24.2410000000066,11.0180845411657,-51.3753094341889,40.35722489302321
24.2420000000066,28.478346352771396,-54.8858546633449,26.407508310573398
24.2430000000066,42.2554553140136,-51.3707372247794,9.11528191076587
24.2440000000066,50.10529203399879,-44.2854695797289,-5.819822454269849
24.2450000000066,53.9241913440633,-31.221645203559,-22.702546140504303
24.2460000000066,53.1878863261201,-14.6654977773992,-38.5223885487209
24.2470000000067,47.5663124523692,0.599404976609032,-48.165717428978205
24.248000000006698,35.8585607299343,17.4712277162375,-53.3297884461718
24.2490000000067,19.977094676933998,33.8472387320821,-53.8243334090162
24.2500000000067,4.04299682055666,45.293802650751296,-49.336799471308005
24.251000000006698,-11.059048642559901,51.924651076275204,-40.865602433715296
24.2520000000067,-28.8588319876625,54.692612745229304,-25.8337807575668
24.2530000000067,-42.061104270753,51.1311472672536,-9.070042996500538
24.254000000006698,-49.976301313137505,44.3544891492816,5.621812163855901
24.2550000000067,-54.068784221400605,31.410107263091803,22.6586769583087
24.2560000000067,-53.5288443847445,14.672190408942699,38.8566539758018
24.2570000000067,-46.453992678997494,-1.5679588329927299,48.0219515119902
24.2580000000067,-36.290598317208904,-16.798539806577498,53.089138123786405
24.2590000000067,-20.2844134889486,-33.6315250089105,53.9159384978592
24.2600000000067,-3.94027471990987,-45.4501172841952,49.3903920041051
24.2610000000067,11.126926665956098,-51.9498365981759,40.82290993221989
24.2620000000067,28.5437555404565,-54.3487281890735,25.804972648617
24.2630000000067,42.1320419996941,-51.2921198444924,9.160077844798339
24.2640000000067,50.0893869729459,-43.8310580642658,-6.258328908680039
24.2650000000067,54.11731849636829,-31.959006803976603,-22.158311692391703
24.2660000000067,53.498475097471704,-14.6281026364837,-38.870372460988
24.2670000000067,46.4418703526184,1.3798838049679398,-47.821754157586405
24.2680000000067,36.4515040260773,16.721233109240902,-53.1727371353182
24.2690000000067,20.4602972958243,33.9940799645298,-54.454377260354
24.2700000000067,4.4006958116999195,45.314257242102606,-49.7149530538026
24.2710000000067,-11.6159437671471,51.78592738252829,-40.1699836153813
24.2720000000067,-28.818659483540696,54.4884468370949,-25.669787353554202
24.2730000000067,-42.054602601438496,51.4056759834199,-9.35107338198141
24.2740000000067,-50.26220481815329,44.43757972605621,5.82462509209706
24.2750000000067,-54.079649435300894,31.128960173910897,22.9506892613899
24.2760000000067,-52.9055981585371,14.4353022385897,38.4702959199473
24.277000000006698,-46.7160151908058,-1.3380929591755801,48.054108149981296
24.2780000000067,-36.675570350323206,-16.6654580999678,53.341028450291006
24.2790000000067,-20.2600080252151,-33.9941059477557,54.2541139729708
24.280000000006698,-3.68428742516667,-45.244371202914294,48.928658628080996
24.2810000000067,10.995485217414,-51.3133195192945,40.317834301880495
24.2820000000067,28.492674096880396,-54.877234888586905,26.3845607917065
24.283000000006698,42.34379977351829,-51.8680511117089,9.5242513381906
24.2840000000067,49.858890346352396,-43.566581000663206,-6.2923093456891594
24.2850000000067,54.097805365275896,-31.3965463038022,-22.7012590614738
24.2860000000067,53.4287397915825,-14.8630963280595,-38.565643463523
24.2870000000067,46.648849360027796,1.38876721117989,-48.03761657120771
24.2880000000067,36.4341975108002,16.8534100592424,-53.2876075700426
24.2890000000067,20.006978519840104,33.8594189524959,-53.866397472336
24.2900000000067,4.0146606836094705,45.3036447825455,-49.318305466155
24.2910000000067,-11.1725378549067,51.5608707172276,-40.3883328623209
24.2920000000067,-28.500631119341303,54.8490026975941,-26.348371578252802
24.2930000000067,-42.1981642397212,51.2535402526543,-9.05537601293307
24.2940000000067,-50.0128355519771,44.2972496459466,5.7155859060305
24.2950000000067,-54.0166949933022,31.3930447160375,22.6236502772647
24.2960000000067,-53.1805010501116,14.581738793457001,38.5987622566546
24.2970000000067,-47.43568548206571,-0.7711657452233499,48.206851227289
24.2980000000067,-35.8191625289738,-17.347609733983198,53.166772262957004
24.2990000000067,-20.1394028584029,-33.7505671208441,53.889969979247
24.3000000000067,-3.9856878388320602,-45.39963442827371,49.38532226710571
24.3010000000067,11.107676763989598,-51.96541252116771,40.857735757178105
24.3020000000067,28.711812902315398,-54.467351597446296,25.755538695130802
24.3030000000067,42.0377656186619,-51.1663237264204,9.12855810775852
24.3040000000067,50.0625559492049,-43.8205871769763,-6.2419687722286294
24.3050000000067,54.143548306426794,-31.996965306569802,-22.146582999856896
24.306000000006698,53.513928828591204,-14.6659240564359,-38.8480047721553
24.3070000000067,46.4558223626147,1.41674012838374,-47.872562490998405
24.3080000000067,36.3820679173521,16.732599603048502,-53.1146675204006
24.309000000006698,20.484488357929802,33.9567949576898,-54.4412833156196
24.3100000000067,3.74300063404065,45.3873747950457,-49.1303754290864
24.3110000000067,-11.180838159636,51.830881443773606,-40.6500432841376
24.312000000006698,-28.517088849995304,54.331416347285995,-25.814327497290698
24.3130000000067,-42.108730456508,51.410481069667206,-9.30175061315923
24.3140000000067,-50.2829506675373,44.4682161995233,5.81473446801402
24.315000000006698,-54.0781932143334,31.1910496702741,22.8871435440593
24.3160000000067,-52.9514594101303,14.3778250945138,38.573634315616395
24.3170000000067,-46.6849316189899,-1.3217328163526298,48.0066644353425
24.3180000000067,-36.6690211079655,-16.6259088045085,53.294929912474004
24.3190000000067,-20.324512558551397,-33.983244158893,54.3077567174444
24.3200000000067,-3.6684738478152203,-45.295287544405205,48.9637613922204
24.3210000000067,10.998544965304301,-51.3199336580674,40.32138869276321
24.3220000000067,28.5328808372153,-54.833611373254,26.3007305360387
24.3230000000067,42.3051062352565,-51.89129794291429,9.586191707657841
24.3240000000067,49.9163969402277,-43.624318076451,-6.29207886377667
24.3250000000067,54.1159029263907,-31.377822239728197,-22.738080686662503
24.3260000000067,53.0312895441933,-14.643175810358802,-38.3881137338345
24.3270000000067,46.8256792210536,1.36967805574125,-48.195357276794795
24.3280000000068,36.599380849161,16.7336377893145,-53.3330186384754
24.3290000000068,20.2145630334764,33.9874530687358,-54.202016102212106
24.330000000006798,3.87842247892038,45.128883981666895,-49.0073064605873
24.3310000000068,-11.036131885116301,51.4712763093902,-40.43514442427389
24.3320000000068,-28.7231664355866,54.9449768422538,-26.221810406667103
24.3330000000068,-42.269069487133606,51.6900745198695,-9.42100503273598
24.3340000000068,-49.7810441335785,43.4842254648878,6.29681866869064
24.3350000000068,-54.0696030507192,31.6174289662134,22.452174084505803
24.3360000000068,-53.5579405351309,14.814383143191199,38.7435573919397
24.3370000000068,-47.25118628234429,-0.75423338313723,48.005419665481604
24.3380000000068,-35.753353697136795,-17.437173222441498,53.190526919578296
24.3390000000068,-20.056141187816202,-33.7745204534241,53.830661641240305
24.3400000000068,-4.62437231768776,-45.393939964531,50.0183122822188
24.3410000000068,11.4867717489148,-51.9274624004644,40.4406906515496
24.3420000000068,29.0362405247317,-54.639503532433004,25.6032630077013
24.3430000000068,41.9997080263701,-51.09353558151871,9.09382755514866
24.3440000000068,50.0508086746925,-43.7634591575482,-6.2873495171443405
24.3450000000068,54.1210406011246,-31.9870650033331,-22.1339755977916
24.3460000000068,53.498887290929204,-14.696452192687099,-38.802435098242
24.3470000000068,46.4609393489065,1.41707866857458,-47.8780180174811
24.3480000000068,36.3320343041936,16.761555159537,-53.09358946373071
24.3490000000068,20.500527961057102,33.902920283354,-54.403448244411
24.3500000000068,3.79707217732409,45.35439551463921,-49.1514676919633
24.3510000000068,-11.206975752088402,51.8954722625833,-40.6884965104949
24.3520000000068,-28.6152904714583,54.38293303283339,-25.7676425613751
24.3530000000068,-42.051314848239,51.2998370638972,-9.24852221565821
24.3540000000068,-50.211239812951,44.46509973625879,5.746140076692259
24.3550000000068,-54.136094854058,31.2432470564814,22.892847797576604
24.356000000006798,-53.320786247601994,14.581136224976001,38.739650022626
24.3570000000068,-46.450249512405996,-1.3676308504944599,47.817880362900404
24.3580000000068,-36.535329805341604,-16.672618884452902,53.2079486897945
24.359000000006798,-20.392957520386897,-34.0330994875538,54.4260570079408
24.3600000000068,-3.6455577428208703,-45.3643251727608,49.009882915581706
24.3610000000068,11.034743121510301,-51.6909795160367,40.6562363945264
24.362000000006798,28.488862872898803,-54.457292955372,25.968430082473198
24.3630000000068,42.1854430400483,-51.4315817927025,9.24613875265417
24.3640000000068,50.2899834105984,-44.441252846543705,-5.84873056405466
24.3650000000068,54.0066574608439,-31.106729112905196,-22.899928347938598
24.3660000000068,53.0033246974193,-14.537899578787197,-38.465425118632105
24.3670000000068,46.757162491142594,1.33131153903709,-48.088474030179704
24.3680000000068,36.632155681141896,16.7150706246107,-53.3472263057526
24.3690000000068,20.209104049398398,34.022489898854396,-54.231593948252794
24.3700000000068,3.7960949639519304,45.1529677249889,-48.9490626889408
24.3710000000068,-10.9868404227146,51.4098643673557,-40.4230239446411
24.3720000000068,-28.686490405704497,54.9478940378704,-26.261403632166
24.3730000000068,-42.291253172792395,51.7462122449969,-9.45495907220453
24.3740000000068,-49.79534829615461,43.45986878419129,6.335479511963309
24.3750000000068,-54.0371491556878,31.5535602147848,22.483588940903
24.3760000000068,-53.22349035213801,14.695075922796303,38.5284144293417
24.3770000000068,-46.776446165900005,-1.53708602220669,48.3135321881067
24.3780000000068,-36.4525486628875,-16.6782953170561,53.1308439799436
24.3790000000068,-20.129218284375398,-33.595447524040104,53.7246658084155
24.3800000000068,-4.6322550262933,-45.355928596134504,49.9881836224278
24.3810000000068,11.437187355429002,-51.95624722236939,40.519059866940395
24.3820000000068,29.0241177511692,-54.659670841107996,25.635553089938803
24.3830000000068,42.033650481304,-51.1088813219542,9.07523084065025
24.3840000000068,49.9699719533321,-43.6761777240676,-6.29379422926442
24.3850000000068,54.1504616023699,-31.9941648695509,-22.156296732818998
24.3860000000068,53.54031154041229,-14.7534165222596,-38.7868950181526
24.3870000000068,46.4857153378015,1.43603060638414,-47.9217459441856
24.388000000006798,36.294844014492895,16.7907066944719,-53.085550708964796
24.3890000000068,20.2814448535554,33.6586158538474,-53.9400607074028
24.3900000000068,4.53319917136389,45.50676402027471,-50.039963191638606
24.391000000006798,-11.5683782588426,51.900389027188304,-40.332010768345604
24.3920000000068,-28.924042420616498,54.5228391005243,-25.5987966799078
24.3930000000068,-41.940910181910404,51.175381741281,-9.23447155937057
24.3940000000068,-50.165063408984395,43.779610429597504,6.38545297938698
24.3950000000068,-54.050921413988505,31.9423421423091,22.108579271679396
24.3960000000068,-53.06332761230121,14.3872004761099,38.6761271361913
24.3970000000068,-46.6751804138863,-1.3390783125338601,48.0142587264202
24.3980000000068,-36.5675635756167,-16.5547141970372,53.122277772654
24.3990000000068,-20.5106343848018,-33.9068821298526,54.417516514654395
24.4000000000068,-3.6578810792360494,-45.422329230022,49.080210309258
24.4010000000068,11.1097065747074,-51.7296137768945,40.6199072021871
24.4020000000068,28.519699100953304,-54.429141981067,25.909442880113698
24.4030000000068,42.108697307077996,-51.4213695262187,9.312672219140609
24.4040000000068,50.298265763284704,-44.46787976294661,-5.830386000338019
24.4050000000068,54.010455594871,-31.1095220814781,-22.900933513392896
24.4060000000068,52.982703742440904,-14.4826210796193,-38.500082662821605
24.4070000000068,46.7729878963706,1.27347430846181,-48.0464622048324
24.4080000000068,36.6841551903085,16.6756965114464,-53.3598517017548
24.4090000000068,20.2278644573777,34.0827503853081,-54.310614842685794
24.4100000000069,3.71970423526349,45.1995708381549,-48.9192750734184
24.4110000000069,-11.015596647500802,51.3911874634087,-40.3755908159079
24.4120000000069,-28.607542658541302,54.8920800850739,-26.2845374265326
24.4130000000069,-42.2882915012028,51.7655780777997,-9.47728657659686
24.4140000000069,-49.884687906985995,43.5201077804443,6.36458012654168
24.4150000000069,-53.998733702693904,31.5247871775278,22.473946525166102
24.4160000000069,-53.5220612816712,14.842171205486,38.679890076185295
24.4170000000069,-46.6007910009188,-1.4498229099995101,48.050613910918294
24.4180000000069,-36.4121835855756,-16.8390637207885,53.2512473063641
24.4190000000069,-20.0174617765215,-33.7654514397295,53.782913216251
24.4200000000069,-4.02790035462213,-45.3323064650523,49.360206819674396
24.4210000000069,11.017840546895302,-51.8669591899232,40.84911864302779
24.4220000000069,28.8525265380105,-54.71014273732779,25.857616199317302
24.4230000000069,42.0287501501152,-51.1171373677189,9.0883872176037
24.4240000000069,49.968802896106794,-43.635519110080395,-6.33328378602634
24.4250000000069,54.03108171563561,-31.9874780637748,-22.0436036518609
24.4260000000069,53.6009145141917,-14.813619979380698,-38.787294534811004
24.4270000000069,46.552966685224895,1.46957465608344,-48.0225413413083
24.4280000000069,36.2715954669145,16.8433086397045,-53.114904106618994
24.4290000000069,20.2330461191193,33.630178105247396,-53.863224224366704
24.4300000000069,4.553672145738441,45.4547168967103,-50.0083890424488
24.4310000000069,-11.5518046351297,51.9430333880249,-40.3912287528952
24.4320000000069,-28.984107995707504,54.541308117125595,-25.5572001214181
24.4330000000069,-41.94125912639021,51.12658877474179,-9.185329648351651
24.4340000000069,-50.0634539060084,43.739942482439794,6.32351142356859
24.435000000006898,-54.1297444114016,32.006731284201,22.123013127200604
24.4360000000069,-53.0915312041548,14.4249587141817,38.6665724899731
24.4370000000069,-46.6475887661934,-1.37629692037448,48.0238856865679
24.438000000006898,-36.509657421841,-16.559025413103,53.068682834944106
24.4390000000069,-20.524043127704502,-33.895828161770396,54.4198712894749
24.4400000000069,-4.40051569924068,-45.3516203355333,49.752136034773905
24.4410000000069,11.6145128526439,-51.7932005661672,40.178687713523296
24.4420000000069,28.6048260989009,-54.10888526099399,25.5040591620931
24.4430000000069,42.3704856602549,-52.1017362968705,9.731250636615641
24.4440000000069,50.1318470297664,-44.22500999846889,-5.90683703129749
24.4450000000069,54.0811647924119,-31.037702691384503,-23.043462101027302
24.4460000000069,52.956901453507996,-14.415328631966698,-38.5415728215412
24.4470000000069,46.771140893676396,1.24711695321711,-48.0182578468935
24.4480000000069,36.6613183689562,16.6367469325336,-53.2980653014899
24.4490000000069,20.284233635576697,34.0714826326016,-54.3557162681784
24.4500000000069,3.63917732859383,45.2689041547626,-48.908081483356504
24.4510000000069,-11.080178527279198,51.367836667847904,-40.2876581405687
24.4520000000069,-28.445662848185897,54.8237049851782,-26.378042136992303
24.4530000000069,-42.1968236731752,51.3960145909278,-9.199190917752599
24.4540000000069,-50.2076791140883,44.3322496890373,5.87542942505093
24.4550000000069,-53.8692578377625,31.190290950696696,22.6789668870658
24.4560000000069,-53.1092119944621,14.591745384468698,38.5174666099934
24.4570000000069,-47.5627704981808,-0.519093345610882,48.0818638437917
24.4580000000069,-35.9945725586163,-17.3975472455195,53.3921198041358
24.4590000000069,-19.909573257682602,-33.9658386069958,53.875411864678405
24.4600000000069,-3.95970942772443,-45.3306310324216,49.290340460146
24.4610000000069,10.978228613375302,-51.807197267913295,40.828968654537896
24.4620000000069,28.8675199769702,-54.7668065420672,25.899286565096997
24.4630000000069,42.1443244901345,-51.60763205835521,9.463307568220731
24.4640000000069,49.745216279046,-43.550350516364794,-6.19486576268116
24.4650000000069,54.109077934714,-31.5841334034439,-22.524944531270105
24.4660000000069,53.6099434820131,-14.8326868874788,-38.7772565945344
24.467000000006898,46.581243452379894,1.51794868703585,-48.099192139415706
24.4680000000069,36.268993164807206,16.8821913388168,-53.151184503624
24.4690000000069,20.160940739253,33.6470385047292,-53.8079792439822
24.4700000000069,4.00299616468269,45.3827097909546,-49.38570595563729
24.4710000000069,-11.130576807228199,51.98706933430471,-40.856492527076504
24.4720000000069,-28.6818056090534,54.4487999713797,-25.7669943623263
24.4730000000069,-42.0964538494788,51.1926717500759,-9.09621790059705
24.4740000000069,-49.9938257019749,43.7060867766298,6.28773892534507
24.4750000000069,-54.118195214983,32.047210516914,22.070984698069
24.4760000000069,-53.5069621410696,14.6730429559194,38.8339191851501
24.4770000000069,-46.438520850201904,-1.43211388601977,47.8706347362217
24.4780000000069,-36.386890205440295,-16.7142485256981,53.1011387311384
24.4790000000069,-20.3305020766047,-33.7254230162396,54.0559250928443
24.4800000000069,-4.47781908897983,-45.5630137401137,50.0408328290935
24.4810000000069,11.5656270499031,-51.832661004391,40.267033954488
24.4820000000069,28.6002798160675,-54.053605373193506,25.453325557126103
24.4830000000069,42.3551228482926,-52.099804583157905,9.74468173486531
24.4840000000069,49.9187513841843,-43.824291961929,-6.09445942225525
24.4850000000069,54.3142405716367,-31.424136866686897,-22.890103704949798
24.4860000000069,52.917438816118,-14.429385441675901,-38.4880533744421
24.4870000000069,46.748248774880295,1.28285000500447,-48.03109877988479
24.4880000000069,36.626015053766295,16.6126200016813,-53.238635055447595
24.4890000000069,20.37344919604,33.983764941673,-54.357214137713
24.4900000000069,3.5992130301641696,45.3601882897433,-48.959401319907506
24.4910000000069,-10.9790613334375,51.655779186704294,-40.6767178532667
24.492000000007,-28.4696459215418,54.493670759949104,-26.024024838407303
24.493000000007,-42.2046184092122,51.40006118998,-9.19544278076786
24.494000000007,-50.252256437304105,44.39338213124021,5.85887430606387
24.495000000007,-53.9554140481825,31.1249250893166,22.8304889588659
24.496000000007,-53.0113897293518,14.5527321448998,38.458657584452
24.497000000007,-46.820901653186105,-1.3449923553864198,48.1658940085726
24.498000000007,-36.6086099372454,-16.7087971197594,53.31740705700479
24.499000000007,-20.242319667333,-34.026451029884896,54.268770697217995
24.500000000007,-3.83213251084495,-45.11005182464599,48.942184335491
24.501000000007,11.0136984889221,-51.443103443105,40.4294049541829
24.502000000007,28.7677581995302,-55.0232840814503,26.25552588192
24.503000000007,42.1496129258319,-51.2928020296999,9.14318910386801
24.504000000007,50.106230153012895,-43.598254667835796,-6.50797548517704
24.505000000007,53.8336030288558,-31.858639702614198,-21.974963326241603
24.506000000007,53.257577002365,-14.7105077986643,-38.547069203700794
24.507000000007,47.479947012119396,0.680295443842127,-48.1602424559615
24.508000000007,35.8216998245381,17.449029166682998,-53.270728991221105
24.509000000007,20.069289141259,33.7361925769258,-53.8054817181849
24.510000000007,4.0027221282733,45.339302681022794,-49.342024809296106
24.511000000007,-11.1067042377493,51.99335671414371,-40.8866524763944
24.512000000007,-28.726435330930098,54.51658665567229,-25.7901513247421
24.513000000007,-42.0692001686251,51.1433711019778,-9.07417093335274
24.514000000007,-49.9784816232689,43.7039398613029,6.27454176196607
24.515000000007,-54.085975817725895,32.0447375133379,22.041238304388
24.516000000007,-53.5543090701217,14.719283262080099,38.8350258080416
24.517000000007,-46.4743618546853,-1.4724256580143003,47.9467875126996
24.518000000007,-36.300576222444,-16.806839009086,53.10741523153
24.519000000007,-20.511763945773,-33.8339867921771,54.3457507379502
24.520000000007,-3.8344136424001496,-45.3127334718435,49.14714711424371
24.521000000007,11.2219161788812,-51.9149964000505,40.6930802211694
24.522000000007,28.7239549379074,-54.4411194652301,25.717164527322698
24.523000000007,41.9821338241219,-51.2816904969341,9.299556672812189
24.524000000007,50.1388660821659,-43.8579385084956,-6.28092757367023
24.525000000007,54.10385003773789,-31.8458443964332,-22.2580056413047
24.526000000007,53.392145733229896,-14.598897045482198,-38.793248687747706
24.527000000007,46.4349166461129,1.3852608094165,-47.8201774555294
24.528000000007,36.5068495158396,16.708933750474202,-53.21578326631371
24.529000000007,20.3961314613281,33.9968457994821,-54.392977260810206
24.530000000007,4.30299673215717,45.3301664042726,-49.63316313642979
24.531000000007,-11.5035223540977,51.681638386085396,-40.178116031987706
24.532000000007,-28.725817473101202,54.51705196910271,-25.791234496001398
24.533000000007,-42.123564843961894,51.4167466150457,-9.29318177108377
24.534000000007,-50.244604735532796,44.427365068441105,5.81723966709167
24.535000000007,-54.0378286586065,31.0918693734337,22.9459592851728
24.536000000007,-52.95219291561111,14.515707499281799,38.4364854163293
24.537000000007,-46.8128195631661,-1.2845375615378702,48.097357124704
24.538000000007,-36.665897830588705,-16.7017701234811,53.367667954069795
24.539000000007,-20.211672659296802,-34.0686750447169,54.28034770401361
24.540000000007,-3.77406179650644,-45.1643003595953,48.938362156101796
24.541000000007,10.982226919767001,-51.35880455032721,40.376577630560206
24.542000000007,28.7228399042331,-55.0105110921949,26.2876711879617
24.543000000007,42.1565380501318,-51.324775268603794,9.16823721847199
24.544000000007,50.1030770973637,-44.3037415489923,-5.799335548371331
24.545000000007,53.9121632281953,-31.223033828729896,-22.689129399465298
24.546000000006998,53.1711621683109,-14.6402942229639,-38.530867945347
24.547000000007,47.504626747104,0.6765618804138841,-48.1811886275179
24.548000000007,35.8874877145386,17.3831631239241,-53.27065083846271
24.549000000007,19.958588678265397,33.8631505169709,-53.821739195236304
24.550000000007,4.0178379393705805,45.311447617251396,-49.329285556622
24.551000000007,-11.027971179937902,51.903652667395704,-40.8756814874578
24.552000000007,-28.739051876935,54.631749812018,-25.892697935083
24.553000000007,-42.1066863673801,51.151987880066606,-9.04530151268656
24.554000000007,-50.0667130240847,43.7072660679014,6.35944695618325
24.555000000007,-53.9722274741278,31.960260599471198,22.0119668746565
24.556000000007,-53.5919800257466,14.7767107004685,38.8152693252781
24.557000000007,-46.5025500453673,-1.4870238159298,47.9895738612971
24.558000000007,-36.3012308934922,-16.804041312634002,53.1052722061263
24.559000000007,-20.276797184018896,-33.6675231545927,53.9443203386115
24.560000000007,-3.95693170305364,-45.453673719129704,49.4106054221834
24.561000000007,11.143084312187801,-51.9605774350105,40.817493122822704
24.562000000007,28.6722115503275,-54.4084781774255,25.736266627097997
24.563000000007,42.0545362810458,-51.2523734439818,9.197837162935961
24.564000000007,50.087593616821394,-43.8350920054181,-6.25250161140337
24.565000000007,54.103625258627396,-31.957785419793897,-22.1458398388335
24.566000000007,53.465533979873506,-14.5944176175772,-38.8711163622964
24.567000000007,46.394323503452796,1.44512805522023,-47.839451558673105
24.568000000007,36.4538376831564,16.6959652214819,-53.1498029046383
24.569000000007,20.4666420252242,33.9418706950897,-54.408512720314
24.570000000007,4.354459067082931,45.338815021308896,-49.6932740883918
24.571000000007,-11.584708572881,51.7720977099984,-40.1873891371174
24.572000000007,-28.712484389388298,54.4355685695321,-25.7230841801437
24.573000000007,-42.0960902132579,51.432511092613204,-9.336420879355279
24.5740000000071,-50.265782663760994,44.4403322625595,5.825450401201509
24.5750000000071,-54.090755625385704,31.1219936040031,22.968762021382698
24.5760000000071,-53.263715406343096,14.6598441953161,38.603871211027005
24.5770000000071,-46.608574298710394,-1.27913724985616,47.8877115485666
24.5780000000071,-36.5651412814525,-16.799806898492502,53.364948179945
24.5790000000071,-20.209667908806104,-34.110806516017696,54.3204744248238
24.5800000000071,-3.69696134195305,-45.247978571385495,48.9449399133385
24.5810000000071,10.9858924597719,-51.305257682302596,40.319365222530706
24.5820000000071,28.656055780486003,-54.9424591080457,26.2864033275597
24.5830000000071,42.262594501805,-51.81554788625421,9.55295338444915
24.5840000000071,49.8654771835761,-43.5614121929164,-6.304064990659679
24.5850000000071,54.0638168421066,-31.424274769532104,-22.639542072574603
24.5860000000071,53.422862530097895,-14.8442482778705,-38.578614252227396
24.5870000000071,46.5992229279392,1.47527156728441,-48.0744944952236
24.5880000000071,36.444547634875995,16.8228640108758,-53.2674116457518
24.5890000000071,20.0045419196757,33.8022399574477,-53.8067818771233
24.5900000000071,3.98237981467804,45.3205654088284,-49.3029452235065
24.5910000000071,-11.1800322900431,51.5664719484668,-40.386439658423704
24.5920000000071,-28.3462980232947,54.7789345398063,-26.432636516511604
24.593000000007102,-42.2582375866718,51.295129048987704,-9.03689146231586
24.5940000000071,-50.0184179717931,44.3292303882312,5.689187583561901
24.5950000000071,-54.055433685488005,31.371188124419497,22.684245561068398
24.5960000000071,-53.545161904330904,14.762006023589699,38.783155880741205
24.5970000000071,-47.2216454571995,-0.7647041618911571,47.9863496190906
24.5980000000071,-35.7685312385841,-17.4063414013417,53.174872639925795
24.5990000000071,-20.086147627218,-33.8769359216427,53.9630835488607
24.6000000000071,-4.61853008625486,-45.4008242257215,50.0193543119763
24.6010000000071,11.5361358293875,-51.9359702041144,40.39983437472689
24.6020000000071,29.0349365400943,-54.562657077671794,25.5277205375775
24.6030000000071,41.9502500893307,-51.099809119844295,9.14955903051357
24.6040000000071,50.0507758068626,-43.7733190263412,-6.27745678052139
24.6050000000071,54.1597109419355,-31.983823102028605,-22.175887839906803
24.6060000000071,53.4667934408739,-14.658452356317401,-38.808341084556496
24.6070000000071,46.3979861236421,1.4920665252395702,-47.8900526488817
24.6080000000071,36.3561459853981,16.1521413230748,-52.5082873084729
24.6090000000071,20.5332993086893,34.3470125306529,-54.880311839342205
24.6100000000071,3.72734327035379,45.4346125897066,-49.161955860060395
24.6110000000071,-11.1604530412434,51.8290452659591,-40.6685922247156
24.6120000000071,-28.4898551809171,54.3372401431766,-25.847384962259397
24.6130000000071,-42.1201992007667,51.43715194383061,-9.31695274306384
24.6140000000071,-50.2692770993503,44.4931607943204,5.77611630502985
24.6150000000071,-54.108657831791604,31.173665105263602,22.934992726528
24.6160000000071,-52.9593296315071,14.387899278050199,38.5714303534569
24.6170000000071,-46.7131699792096,-1.2714170164129799,47.98458699562261
24.6180000000071,-36.6716395046586,-16.6453116944278,53.3169511990864
24.6190000000071,-20.318124804552102,-34.033688909899205,54.351813714451296
24.6200000000071,-3.6814891444143303,-45.2997813022549,48.98127044666921
24.6210000000071,10.9899124036552,-51.3160720194668,40.3261596158116
24.6220000000071,28.615341866358598,-54.865978998954404,26.250637132595802
24.6230000000071,42.2677864957101,-51.836585715843704,9.56879922013362
24.6240000000071,49.9324760212144,-43.590440895045006,-6.34203512616937
24.625000000007102,54.0670932635075,-31.422080640610105,-22.645012622897397
24.6260000000071,53.0376160658912,-14.6081068337966,-38.4295092320946
24.6270000000071,46.7846594338825,1.41191163942156,-48.19657107330401
24.6280000000071,36.6024564838688,16.6975657679141,-53.30002225178289
24.6290000000071,20.2261828855784,33.9449675824246,-54.171150468003
24.6300000000071,3.8553503472205297,45.1349969830066,-48.990347330227095
24.6310000000071,-11.0430730407787,51.4643288723732,-40.4212558315944
24.6320000000071,-28.6674509620151,54.935632388990605,-26.2681814269755
24.6330000000071,-42.2720075654873,51.7272769673724,-9.45526940188513
24.6340000000071,-49.7602247299717,43.528918977316295,6.23130575265538
24.6350000000071,-54.1401052708265,31.582160544126396,22.5579447267001
24.6360000000071,-53.566039603772104,14.837566391493098,38.7284732122789
24.6370000000071,-47.2845664451055,-0.695786328988602,47.98035277409411
24.6380000000071,-35.763272079999105,-17.4270463610464,53.190318441045505
24.6390000000071,-20.009353477816802,-33.8837888972656,53.8931423750824
24.6400000000071,-4.64072038596077,-45.384759936594,50.0254803225548
24.6410000000071,11.4950672412465,-51.9384886044987,40.4434213632522
24.6420000000071,29.040334620472002,-54.630476556577996,25.590141936106
24.6430000000071,42.00433777974071,-51.0713651439619,9.06702736422117
24.6440000000071,50.0689411467406,-43.7146993441877,-6.35424180255288
24.6450000000071,54.0847780447999,-32.0000847702951,-22.0846932745048
24.6460000000071,53.466091078713504,-14.669970504550701,-38.7961205741629
24.6470000000071,46.428143839122804,1.49390762606485,-47.9220514651876
24.6480000000071,36.353643982929604,16.6856973619463,-53.0393413448759
24.6490000000071,20.5210672139453,33.851698313612296,-54.372765527557604
24.6500000000071,3.7875626582831603,45.352935652861206,-49.14049831114429
24.6510000000071,-11.204718607448198,51.8780298053185,-40.6733111978703
24.6520000000071,-28.6206577008277,54.3957638128512,-25.7751061120235
24.6530000000071,-42.0504296644987,51.326282316451206,-9.27585265195248
24.654000000007102,-50.1970833616917,44.5076012538618,5.68948210782985
24.6550000000071,-54.15795159524429,31.2592559064685,22.898695688775803
24.6560000000072,-52.9881355735065,14.3418366774996,38.6462988960069
24.6570000000072,-46.686565628967294,-1.3176337428143101,48.004199371781596
24.6580000000072,-36.6114356747299,-16.5713346444338,53.1827703191637
24.6590000000072,-20.412899401234398,-34.017152100919105,54.430051502153596
24.6600000000072,-3.6589125313618798,-45.360084090924104,49.018996622286
24.6610000000072,11.0204528998471,-51.6982255559752,40.6777726561281
24.6620000000072,28.464099041494602,-54.4434924102635,25.979393368768896
24.6630000000072,42.3300265275817,-51.820538217297795,9.49051168971606
24.6640000000072,50.1696700168356,-44.085845047351505,-6.0838249694840805
24.6650000000072,53.9752724910752,-31.032302420373203,-22.9429700707021
24.6660000000072,52.997614152850396,-14.504174860615699,-38.493439292234704
24.6670000000072,46.740833415650606,1.3611111121539199,-48.1019445278045
24.6680000000072,36.6550934352295,16.6739659139989,-53.329059349228295
24.669000000007202,20.219170197338702,33.9817128353148,-54.2008830326535
24.6700000000072,3.79695995870653,45.16099609796699,-48.9579560566736
24.6710000000072,-10.9598050525334,51.4211777981269,-40.4613727455935
24.672000000007202,-28.7246536881021,54.9559937946821,-26.2313401065799
24.6730000000072,-42.2769261676654,51.773520797619604,-9.496594629954151
24.6740000000072,-49.7625729827907,43.506688006622106,6.2558849761685895
24.6750000000072,-54.111967749075,31.510731495478602,22.6012362535963
24.6760000000072,-53.580076452891596,14.8919850454725,38.6880914074191
24.6770000000072,-47.293318705259296,-0.664790345931872,47.95810905119121
24.6780000000072,-35.787673515635,-17.5003844708706,53.2880579865055
24.6790000000072,-19.952980704409,-33.8600037919857,53.8129844963947
24.6800000000072,-4.5936195989341,-45.346982149632304,49.9406017485664
24.6810000000072,11.4512434688432,-51.9563873917278,40.5051439228846
24.6820000000072,29.0453336404975,-54.6614014322814,25.616067791784
24.6830000000072,42.0246125470902,-51.080310019867106,9.055697472776858
24.6840000000072,49.99850920754021,-43.608235394937495,-6.390273812602709
24.6850000000072,54.0556423155775,-32.0323600882545,-22.023282227322998
24.6860000000072,53.13681076449579,-14.542112037351401,-38.5946987271444
24.6870000000072,46.7095172406647,1.49522479705365,-48.204742037718404
24.6880000000072,36.402731837112,16.6048803899116,-53.00761222702349
24.6890000000072,20.3595071962899,33.5690454142725,-53.9285526105625
24.6900000000072,4.56614507603762,45.510860732508796,-50.0770058085464
24.6910000000072,-11.5640371816382,51.8951867236028,-40.3311495419646
24.6920000000072,-29.021289205413197,54.556385580439205,-25.535096375026
24.6930000000072,-41.888649679486,51.168551451308495,-9.27990177182246
24.6940000000072,-50.1087741520679,43.85706540044001,6.25170875162792
24.6950000000072,-54.17113849333221,31.868121350718397,22.3030171426138
24.6960000000072,-53.086734915158004,14.417687709483,38.669047205675
24.6970000000072,-46.673082405984495,-1.32383821968381,47.996920625668295
24.6980000000072,-36.558121089915,-16.5572408037272,53.11536189364221
24.6990000000072,-20.4690678156108,-33.9404272286754,54.409495044286295
24.7000000000072,-3.64671498328313,-45.428184290353606,49.0748992736368
24.701000000007202,11.1157216710145,-51.7398513501648,40.62412967915029
24.7020000000072,28.4437645790248,-54.3876823334748,25.943917754450002
24.7030000000072,42.1324822624802,-51.4163488538444,9.283866591364198
24.704000000007202,50.324705578998,-44.441425963696005,-5.88327961530197
24.7050000000072,53.9688850135567,-31.1349932955372,-22.8338917180195
24.7060000000072,52.9745139931524,-14.458760458196002,-38.515753534956396
24.7070000000072,46.7690951240701,1.28693701403398,-48.05603213810411
24.7080000000072,36.6826796544119,16.6714692258299,-53.354148880241794
24.7090000000072,20.265285215852998,34.034046808530995,-54.299332024384
24.7100000000072,3.73339896152924,45.1846628658531,-48.918061827382296
24.7110000000072,-10.9847836736164,51.37923886666929,-40.3944551930529
24.7120000000072,-28.683509653833198,54.952736168312995,-26.2692265144798
24.7130000000072,-42.254180490005496,51.7927226908824,-9.538542200876881
24.7140000000072,-49.8431460222668,43.5560562587739,6.28708976349285
24.7150000000072,-54.07893827610471,31.461712488804604,22.6172257873001
24.7160000000072,-53.5190598723609,14.875212006759698,38.6438478656012
24.7170000000072,-46.62385223736171,-1.41803633294866,48.0418885703103
24.7180000000072,-36.3912322463431,-16.8861094829746,53.2773417293176
24.7190000000072,-19.995320365464,-33.7881451392769,53.783465504740896
24.7200000000072,-4.01673604577018,-45.3138300293559,49.33056607512611
24.7210000000072,11.027125350234401,-51.8570354946663,40.82991014443179
24.7220000000072,28.7386086019699,-54.642943218921296,25.9043346169514
24.7230000000072,42.129108249870896,-51.148843055282896,9.01973480541202
24.7240000000072,50.0178969891939,-43.587786303894205,-6.43011068529971
24.7250000000072,53.955485359204104,-32.0380130273696,-21.917472331834503
24.7260000000072,53.5815441358613,-14.795920962486699,-38.7856231733746
24.7270000000072,46.5175543138165,1.50903782582125,-48.0265921396377
24.7280000000072,36.2827782091374,16.8138954979724,-53.096673707109794
24.7290000000072,20.2536584325851,33.6150320193341,-53.8686904519192
24.730000000007202,4.62012679027141,45.445375543128605,-50.065502333400005
24.7310000000072,-11.553250660251,51.962424190276,-40.409173530025
24.7320000000072,-29.0936783104378,54.598443049153005,-25.5047647387152
24.733000000007202,-41.8859015796016,51.1084800798384,-9.22257850023675
24.7340000000072,-50.020825839994494,43.77349771054811,6.247328129446441
24.7350000000072,-54.19201707255179,31.9691285838805,22.222888488671302
24.736000000007202,-53.11639988511661,14.423573469552501,38.692826415564
24.7370000000072,-46.6655107133,-1.3593282571049101,48.0248389704049
24.7380000000073,-36.5168943622583,-16.5611595788594,53.07805394111771
24.7390000000073,-20.497366476303398,-33.8965907036065,54.3939571799099
24.7400000000073,-4.32465288941575,-45.3813771599018,49.7060300493176
24.7410000000073,11.608651417393801,-51.784729171825106,40.1760777544313
24.7420000000073,28.7846222810854,-54.4826488465919,25.698026565506503
24.7430000000073,42.01151959729211,-51.3447254118133,9.33320581452126
24.7440000000073,50.2718032085565,-44.4657453406291,-5.806057867927411
24.745000000007302,54.054134436518495,-31.119848585741895,-22.9342858507765
24.7460000000073,52.944823904562,-14.412924220368302,-38.531899684193704
24.7470000000073,46.759822854236795,1.25742214008163,-48.0172449943185
24.748000000007302,36.664878372128896,16.6019836393392,-53.266862011468106
24.7490000000073,20.3028058147275,34.0629109909776,-54.3657168057051
24.7500000000073,3.67878593247868,45.2586308437356,-48.93741677621429
24.751000000007302,-11.002640100164001,51.3481131518852,-40.3454730517212
24.7520000000073,-28.644302100264603,54.9313569272193,-26.287054826954698
24.7530000000073,-42.1107913148452,51.361426357812995,-9.25063504296783
24.7540000000073,-50.1852381544551,44.351683788312705,5.83355436614241
24.7550000000073,-53.911918727087404,31.1381223341607,22.773796392926698
24.7560000000073,-53.0889163958012,14.6061416047038,38.4827747910974
24.7570000000073,-47.5729254518561,-0.511194372112223,48.084119823968294
24.7580000000073,-36.0101529430158,-17.3757794708433,53.3859324138591
24.7590000000073,-19.8911338456381,-33.9749277953782,53.866061641016294
24.7600000000073,-3.92048046393152,-45.3391191263583,49.259599590289795
24.7610000000073,10.9914443027221,-51.79931763241571,40.807873329693706
24.7620000000073,28.7499133731745,-54.68268317700371,25.9327698038292
24.7630000000073,42.237015018090204,-51.6292159616079,9.392200943517699
24.7640000000073,49.771215678877105,-43.5305418978932,-6.24067378098382
24.7650000000073,54.04958396821711,-31.640086432411,-22.409497535806103
24.7660000000073,53.6187213641316,-14.8267287811453,-38.791992582986296
24.7670000000073,46.577439116198796,1.52038302661574,-48.0978221428145
24.7680000000073,36.2676720537576,16.8644119338982,-53.13208398765579
24.7690000000073,20.1458194448541,33.6844933852541,-53.830312830108205
24.7700000000073,4.0387118863500895,45.378124841967605,-49.4168367283177
24.7710000000073,-11.1128665176684,51.9932384772728,-40.880371959604396
24.7720000000073,-28.751075534784302,54.5004510695516,-25.7493755347673
24.7730000000073,-42.0660278968291,51.1966474530388,-9.13061955620974
24.7740000000073,-49.935503754097006,43.7008677792245,6.23463597487254
24.7750000000073,-54.17831766665879,32.0287717476876,22.1495459189712
24.7760000000073,-53.511405261486594,14.6625171757128,38.848888085773794
24.777000000007302,-46.4438957752534,-1.44099298281883,47.8848887580723
24.7780000000073,-36.362222397175,-16.7596873451034,53.1219097422784
24.7790000000073,-20.345746116607,-33.6571313313656,54.0028774479726
24.780000000007302,-4.385983284526961,-45.6096449940208,49.99562827854779
24.7810000000073,11.5381178447839,-51.805183155779105,40.2670653109953
24.7820000000073,28.7011430595752,-54.397594232195395,25.6964511726202
24.783000000007302,42.0650070555675,-51.35499007147221,9.28998301590462
24.7840000000073,50.2233731427072,-43.8185855923272,-6.40478755038
24.7850000000073,54.0658069044407,-31.797817169166002,-22.2679897352747
24.7860000000073,52.98529786476271,-14.405240396372198,-38.5800574683905
24.7870000000073,46.7463229958502,1.264553377543,-48.0108763733932
24.7880000000073,36.630307178799896,16.590993808677197,-53.2213009874771
24.7890000000073,20.378640716888,33.990637867038394,-54.369278583926295
24.7900000000073,3.6473435672909504,45.34523380419821,-48.9925773714892
24.7910000000073,-10.9668622704589,51.654100023620394,-40.687237753161504
24.7920000000073,-28.580948696496,54.5753041740569,-25.994355477561
24.7930000000073,-42.1587473118541,51.39627153148089,-9.237524219626868
24.7940000000073,-50.242238138057296,44.401244919211294,5.840993218845969
24.7950000000073,-53.964384873509395,31.0870231050494,22.877361768460002
24.7960000000073,-52.991100625363394,14.5485529809973,38.4425476443661
24.7970000000073,-46.807521174791496,-1.3401191307354,48.1476403055268
24.7980000000073,-36.613552513479206,-16.7145955327843,53.3281480462636
24.7990000000073,-20.2319066142277,-34.0289440281445,54.260850642372205
24.8000000000073,-3.77923307412068,-45.125839827392795,48.9050729015135
24.8010000000073,11.0865642468491,-51.4639660274055,40.3774017805564
24.8020000000073,28.5203081965789,-54.8792870278454,26.358978831266498
24.8030000000073,42.2608862163321,-51.333888241836796,9.07300202550471
24.8040000000073,50.1286630069415,-43.601949980870295,-6.52671302607126
24.8050000000073,53.80247505934771,-31.8703758361679,-21.932099223179804
24.8060000000073,53.2613218253218,-14.7218344769902,-38.5394873483316
24.8070000000073,47.5136523188295,0.636530357503545,-48.150182676332996
24.8080000000073,35.815060644587895,17.486181059478298,-53.30124170406611
24.809000000007302,20.0589420415713,33.7608910738472,-53.819833115418504
24.8100000000073,4.03502466461119,45.3234343089135,-49.358458973524705
24.8110000000073,-11.1169714731475,52.0079521412216,-40.890980668074
24.812000000007302,-28.831370673107802,54.577246542522495,-25.7458758694147
24.8130000000073,-42.0219072980236,51.139079423177,-9.117172125153472
24.8140000000073,-49.9505793605786,43.7072137524315,6.243365608147099
24.815000000007302,-54.127600335085106,32.0025465925293,22.1250537425558
24.8160000000073,-53.52494879238711,14.7039437446562,38.8210050477309
24.8170000000073,-46.43748353273521,-1.50190442383387,47.93938795656901
24.8180000000073,-36.313616328344494,-16.7775338612344,53.0911501895789
24.8190000000074,-20.322189098956898,-33.6385203864744,53.9607094854313
24.8200000000074,-3.85262025213171,-45.5340406765909,49.3866609287226
24.821000000007402,11.115250669513,-51.8781271822718,40.7628765127588
24.8220000000074,28.5037143087088,-54.3302921332054,25.826577824496603
24.8230000000074,42.1163496288084,-51.3416838733718,9.225334244563381
24.824000000007402,50.15738251984239,-43.8453903009229,-6.31199221891955
24.8250000000074,54.0812099332235,-31.8785096373078,-22.202700295915697
24.8260000000074,53.4235292582498,-14.620003425645098,-38.803525832604606
24.827000000007402,46.4669663819349,1.3525867697890601,-47.819553151724
24.8280000000074,36.5076604815418,16.7270486750206,-53.234709156562396
24.8290000000074,20.393071475572604,34.0215861628331,-54.4146576384056
24.830000000007402,4.37252576409708,45.2913547534445,-49.6638805175416
24.8310000000074,-11.535594706244199,51.701268285611604,-40.1656735793675
24.8320000000074,-28.8254299210672,54.577334773272106,-25.7519048522049
24.833000000007402,-42.0759450641799,51.408262875904896,-9.332317811724948
24.8340000000074,-50.262310138878796,44.4535677310721,5.808742407806769
24.8350000000074,-54.0408446340352,31.075965068144697,22.9648795658905
24.8360000000074,-52.9379464347427,14.4794818393169,38.458464595425795
24.8370000000074,-46.7734023089573,-1.32794293234944,48.1013452413067
24.8380000000074,-36.620771983508504,-16.7196478642112,53.3404198477196
24.8390000000074,-20.224878945620198,-34.0107946361421,54.23567358176229
24.8400000000074,-3.7320088833145695,-45.181833958722,48.9138428420366
24.8410000000074,11.0180845517276,-51.3753094362885,40.3572248845609
24.8420000000074,28.478346365791303,-54.8858546637788,26.407508297987498
24.8430000000074,42.2554553216915,-51.370737220710204,9.11528189901867
24.8440000000074,50.105292038778295,-44.2854695727376,-5.819822466040731
24.8450000000074,53.9241913456188,-31.2216451917481,-22.702546153870603
24.8460000000074,53.1878863225576,-14.6654977654341,-38.5223885571235
24.8470000000074,47.566312446382895,0.599404987437362,-48.1657174338203
24.8480000000074,35.858560719922295,17.471227729570902,-53.32978844949329
24.8490000000074,19.9770946647519,33.847238742716605,-53.824333407468394
24.8500000000074,4.04299680384507,45.293802638591394,-49.3367994424365
24.8510000000074,-11.0590486509768,51.9246510955301,-40.865602444553296
24.8520000000074,-28.8588319981319,54.6926127474483,-25.833780749316396
24.853000000007402,-42.0611042787978,51.131147263484,-9.07004298468617
24.8540000000074,-49.97630131734589,44.3544891415896,5.62181217575636
24.8550000000074,-54.0687842222781,31.410107251799,22.658676970479103
24.856000000007402,-53.528844381874706,14.672190397589901,38.8566539842848
24.8570000000074,-46.45399267348989,-1.5679588440089598,48.02195151749889
24.8580000000074,-36.290598306634706,-16.7985398203463,53.089138126981
24.859000000007402,-20.2844134767138,-33.6315250191896,53.9159384959034
24.8600000000074,-3.94027470877356,-45.4501172899444,49.390391998718
24.8610000000074,11.126926677886601,-51.9498366019726,40.822909924086
24.862000000007402,28.5437555529738,-54.348728189603605,25.804972636629802
24.8630000000074,42.132042007116496,-51.292119839395895,9.16007783227936
24.8640000000074,50.0893869759163,-43.831058057312404,-6.25832891860392
24.8650000000074,54.117318498407,-31.95900679275,-22.158311705657
24.8660000000074,53.4984750950484,-14.628102624797098,-38.8703724702513
24.8670000000074,46.4418703463784,1.3798838165830902,-47.821754162961504
24.8680000000074,36.451504015131505,16.7212331223743,-53.172737137505706
24.8690000000074,20.4602972841905,33.9940799745335,-54.454377258723895
24.8700000000074,4.40069580084601,45.314257248526296,-49.7149530493723
24.8710000000074,-11.615943780094199,51.785927386483,-40.1699836063888
24.8720000000074,-28.818659495688,54.488446836733296,-25.6697873410453
24.8730000000074,-42.0546026086932,51.4056759788872,-9.35107337019409
24.8740000000074,-50.26220482222429,44.4375797188907,5.824625103333569
24.8750000000074,-54.079649411051996,31.128960147214897,22.950689263837106
24.8760000000074,-52.905598177953394,14.4353022390415,38.4702959389119
24.8770000000074,-46.7160151862084,-1.33809296974573,48.054108155954104
24.8780000000074,-36.6755703411704,-16.6654581108265,53.3410284519969
24.8790000000074,-20.2600080139107,-33.9941059577843,54.254113971695006
24.8800000000074,-3.68428741310791,-45.2443712099365,48.9286586230444
24.8810000000074,10.995485228180598,-51.313319521679205,40.3178342934986
24.8820000000074,28.4926741098273,-54.8772348887111,26.3845607788838
24.8830000000074,42.3437997808483,-51.8680511080956,9.52425132724726
24.8840000000074,49.8588903505811,-43.56658099381661,-6.29230935676456
24.885000000007402,54.097805367468794,-31.396546291634102,-22.7012590758347
24.8860000000074,53.428739788141,-14.863096315996001,-38.5656434721451
24.8870000000074,46.6488493539946,1.3887672217495701,-48.0376165757442
24.888000000007402,36.434197500711704,16.8534100722771,-53.2876075729888
24.8890000000074,20.006978507567197,33.8594189636543,-53.866397471221504
24.8900000000074,4.0146606713873,45.3036447890209,-49.318305460408205
24.891000000007402,-11.1725378651388,51.56087071924029,-40.3883328541016
24.8920000000074,-28.500631132242397,54.849002698555495,-26.3483715663131
24.8930000000074,-42.198164248024995,51.253540248856105,-9.055376000831131
24.894000000007402,-50.01283555639439,44.297249638283795,5.71558591811058
24.8950000000074,-54.016694994368706,31.393044704439397,22.623650289929298
24.8960000000074,-53.1805010469304,14.581738781997002,38.5987622649334
24.8970000000074,-47.4356854766034,-0.7711657563181441,48.206851232921494
24.8980000000074,-35.8191625184441,-17.3476097477221,53.1667722661662
24.8990000000074,-20.1394028459987,-33.7505671312219,53.88996997722071
24.9000000000074,-3.9856878177821202,-45.3996344193018,49.385322237084
24.9010000000075,11.1076767687847,-51.9654125378993,40.857735769114704
24.9020000000075,28.711812912333798,-54.4673515990026,25.7555386866688
24.903000000007502,42.037765626249104,-51.1663237220659,9.12855809581685
24.9040000000075,50.0625559524663,-43.820587169772,-6.2419687826943395
24.9050000000075,54.143548308039705,-31.9969652952347,-22.146583012805
24.906000000007502,53.513928826009,-14.6659240449212,-38.8480047810878
24.9070000000075,46.4558223566576,1.41674013976511,-47.8725624964227
24.9080000000075,36.3820679064894,16.7325996163165,-53.1146675228059
24.909000000007502,20.484488346103,33.9567949676507,-54.4412833137537
24.9100000000075,3.7430006225677204,45.3873748013914,-49.13037542395921
24.9110000000075,-11.180838172024501,51.83088144776261,-40.6500432757381
24.912000000007502,-28.5170888623071,54.3314163472367,-25.8143274849296
24.9130000000075,-42.1087304635331,51.4104810646539,-9.30175060112075
24.9140000000075,-50.2829506712418,44.46821619226561,5.814734478976161
24.9150000000075,-54.078193216415606,31.1910496594,22.8871435570156
24.9160000000075,-52.951459407098596,14.377825082318699,38.573634324779995
24.9170000000075,-46.684931612586794,-1.3217328279876799,48.006664440574504
24.9180000000075,-36.6690210975435,-16.6259088168679,53.2949299144113
24.9190000000075,-20.3245125471005,-33.983244169298,54.307756716398494
24.9200000000075,-3.66847383583457,-45.295287551448205,48.9637613872827
24.9210000000075,10.998544976287501,-51.319933660812,40.3213886845245
24.9220000000075,28.5328808505365,-54.833611373500794,26.3007305229643
24.9230000000075,42.3051062424506,-51.89129793894,9.58619169648939
24.9240000000075,49.916396944530796,-43.6243180697793,-6.29207887475143
24.9250000000075,54.115902893267794,-31.377822207887302,-22.738080685380503
24.9260000000075,53.0312895720408,-14.643175814787,-38.3881137572538
24.9270000000075,46.8256792169121,1.36967806561792,-48.195357282530004
24.9280000000075,36.5993808406711,16.7336378003627,-53.333018641033796
24.929000000007502,20.2145630217755,33.9874530791743,-54.20201610094979
24.9300000000075,3.8784224667656,45.1288839884239,-49.00730645518951
24.9310000000075,-11.0361318955686,51.4712763113974,-40.435144415828795
24.932000000007502,-28.7231664482596,54.944976842822896,-26.2218103945634
24.9330000000075,-42.2690694951713,51.6900745165155,-9.42100502134424
24.9340000000075,-49.781044137601604,43.484225457802296,6.296818679799321
24.935000000007502,-54.0696030522629,31.617428953926602,22.4521740983363
24.9360000000075,-53.5579405319833,14.814383131585199,38.7435574003981
24.9370000000075,-47.2511862768001,-0.754233393982044,48.0054196707822
24.938000000007502,-35.753353686589605,-17.437173236073,53.1905269226626
24.9390000000075,-20.0561411752253,-33.7745204640536,53.8306616392789
24.9400000000075,-4.62437230656784,-45.3939399702345,50.0183122768024
24.941000000007502,11.4867717609862,-51.9274624038387,40.4406906428526
24.9420000000075,29.0362405366653,-54.639503532898296,25.603262996233
24.9430000000075,41.9997080344788,-51.093535577198296,9.09382754271949
24.944000000007502,50.0508086781796,-43.763459150508204,-6.28734952767143
24.9450000000075,54.1210406027798,-31.9870649916337,-22.133975611146102
24.9460000000075,53.4988872884021,-14.696452181211901,-38.80243510719011
24.9470000000075,46.4609393431753,1.41707867976928,-47.8780180229446
24.9480000000075,36.3320342932039,16.7615551733666,-53.0935894665705
24.9490000000075,20.5005279488509,33.9029202935121,-54.403448242363005
24.9500000000075,3.79707215887115,45.3543955020061,-49.151467660877294
24.9510000000075,-11.2069757588901,51.895472282992294,-40.6884965241023
24.9520000000075,-28.6152904822398,54.3829330346906,-25.7676425524508
24.9530000000075,-42.051314855559895,51.299837059331395,-9.24852220377147
24.9540000000075,-50.2112398163854,44.465099728853396,5.74614008753191
24.9550000000075,-54.13609485584471,31.2432470459189,22.8928478099258
24.9560000000075,-53.3207862449784,14.581136213087198,38.7396500318912
24.9570000000075,-46.4502495061428,-1.36763086207652,47.8178803682193
24.9580000000075,-36.5353297945984,-16.672618897130498,53.207948691728895
24.9590000000075,-20.3929575090198,-34.0330994976447,54.42605700666449
24.9600000000075,-3.64555773102973,-45.364325179765,49.00988291079471
24.961000000007502,11.034743134315699,-51.69097951977611,40.6562363854605
24.9620000000075,28.488862884632802,-54.457292954843595,25.9684300702108
24.9630000000075,42.185443046794205,-51.4315817880184,9.24613874122423
24.964000000007502,50.2899834151097,-44.441252839795,-5.8487305753146694
24.9650000000075,54.0066574628138,-31.1067291014573,-22.899928361356398
24.9660000000075,53.00332469387,-14.5378995663942,-38.4654251274759
24.967000000007502,46.75716248464371,1.33131155017607,-48.0884740348198
24.9680000000075,36.632155671269295,16.7150706370166,-53.3472263082858
24.9690000000075,20.209104037669302,34.0224899096199,-54.2315939472892
24.970000000007502,3.79609495176094,45.152967731848,-48.949062683609
24.9710000000075,-10.9868404332813,51.4098643696004,-40.423023936319105
24.9720000000075,-28.6864904186194,54.9478940383209,-26.2614036197015
24.973000000007502,-42.2912531806097,51.7462122414011,-9.454959060791461
24.9740000000075,-49.7953483003395,43.4598687772054,6.335479523134179
24.9750000000075,-54.0371491236076,31.5535601811668,22.4835889424408
24.976000000007502,-53.22349037792561,14.695075928269201,38.5284144496564
24.9770000000075,-46.776446162130796,-1.5370860322282902,48.313532194359105
24.9780000000075,-36.452548654650705,-16.6782953276821,53.13084398233279
24.9790000000075,-20.1292182722871,-33.5954475343793,53.7246658066664
24.9800000000075,-4.632255014774531,-45.355928601942395,49.988183616716995
24.9810000000075,11.4371873673716,-51.956247225407,40.5190598580354
24.9820000000075,29.0241177627816,-54.659670841512096,25.635553078730503
24.9830000000076,42.0336504895495,-51.10888131798821,9.07523082843869
24.9840000000076,49.9699719566629,-43.6761777169631,-6.293794239699791
24.985000000007602,54.1504616038025,-31.994164857527398,-22.1562967462751
24.9860000000076,53.5403115378725,-14.753416510900399,-38.786895026972104
24.9870000000076,46.4857153322071,1.43603061733549,-47.9217459495426
24.988000000007602,36.294844003343,16.7907067086784,-53.0855507120214
24.9890000000076,20.2814448410949,33.6586158642152,-53.94006070531011
24.9900000000076,4.53319916085281,45.506764025722504,-50.0399631865753
24.991000000007602,-11.568378271364999,51.900389031136,-40.332010759771
24.9920000000076,-28.9240424331827,54.522839100926504,-25.5987966677438
24.9930000000076,-41.94091018980561,51.1753817365913,-9.23447154678575
24.9940000000076,-50.16506341200171,43.7796104223937,6.385452989607931
24.9950000000076,-54.050921416269,31.9423421313935,22.108579284875603
24.9960000000076,-53.06332760954351,14.387200464137,38.6761271454065
24.9970000000076,-46.675180407633704,-1.33907832435236,48.014258731986104
24.9980000000076,-36.567563564794796,-16.554714209982702,53.1222777747775
24.9990000000076,-20.5106343732022,-33.9068821400161,54.417516513218295
25.0000000000076,-3.65788106039648,-45.422329219055,49.08021027945151
25.0010000000076,11.1097065819816,-51.7296137965139,40.6199072145323
25.0020000000076,28.5196991113685,-54.4291419821834,25.909442870815
25.0030000000076,42.1086973140393,-51.421369521874105,9.31267220783476
25.0040000000076,50.2982657675015,-44.467879755990296,-5.83038601151125
25.005000000007602,54.010455596785,-31.1095220704424,-22.9009335263426
25.0060000000076,52.982703739113,-14.4826210673245,-38.500082671788604
25.0070000000076,46.7729878900326,1.2734743196143,-48.046462209646904
25.008000000007602,36.6841551803063,16.675696523658498,-53.35985170396479
25.0090000000076,20.2278644458019,34.082750395872004,-54.310614841673896
25.0100000000076,3.7197042232585096,45.199570845154895,-48.9192750684134
25.011000000007602,-11.0155966580801,51.3911874657973,-40.3755908077172
25.0120000000076,-28.6075426718868,54.8920800856089,-26.2845374137222
25.0130000000076,-42.2882915084219,51.7655780735911,-9.47728656516923
25.014000000007602,-49.8846879113256,43.520107773688295,6.36458013763735
25.0150000000076,-53.998733704559996,31.524787165430396,22.473946539129702
25.0160000000076,-53.5220612781587,14.8421711934255,38.6798900847332
25.017000000007602,-46.6007909949158,-1.4498229206419502,48.0506139155577
25.0180000000076,-36.4121835758793,-16.8390637337193,53.2512473095986
25.0190000000076,-20.0174617640975,-33.7654514509927,53.782913215090296
25.020000000007602,-4.02790034248111,-45.3323064713021,49.36020681378321
25.0210000000076,11.0178405588049,-51.8669591926597,40.84911863385479
25.0220000000076,28.852526549287,-54.71014273753121,25.8576161882442
25.023000000007602,42.0287501583475,-51.1171373638208,9.0883872054733
25.0240000000076,49.968802899616,-43.6355191031872,-6.33328379642886
25.0250000000076,54.031081681302005,-31.9874780328925,-22.0436036484095
25.0260000000076,53.6009145420236,-14.8136199830737,-38.7872945589499
25.0270000000076,46.552966682592896,1.46957466656784,-48.0225413491607
25.0280000000076,36.2715954577914,16.8433086512652,-53.1149041090566
25.0290000000076,20.2330461069383,33.6301781152571,-53.8632242221954
25.0300000000076,4.55367213478554,45.4547169022552,-50.0083890370407
25.0310000000076,-11.5518046471972,51.9430333916229,-40.391228744425796
25.0320000000076,-28.9841080078126,54.5413081173902,-25.5572001095777
25.0330000000076,-41.941259134198,51.1265887702104,-9.18532963601236
25.0340000000076,-50.0634539089265,43.7399424754554,6.323511433471181
25.0350000000076,-54.1297444134307,32.0067312728958,22.123013140534898
25.0360000000076,-53.091531201592204,14.424958702439401,38.6665724991528
25.037000000007602,-46.647588760278396,-1.3762969320379799,48.0238856923164
25.0380000000076,-36.509657410751295,-16.5590254262559,53.0686828370071
25.0390000000076,-20.524043115833603,-33.8958281718149,54.4198712876485
25.040000000007602,-4.4005156883687695,-45.3516203418439,49.752136030212604
25.0410000000076,11.6145128654632,-51.7932005701065,40.178687704643295
25.0420000000076,28.6048261121618,-54.10888526127629,25.5040591491145
25.043000000007602,42.3704856665421,-52.1017362919585,9.731250625416312
25.0440000000076,50.13184703371079,-44.2250099910528,-5.9068370426580294
25.0450000000076,54.08116479458901,-31.037702680659,-23.043462113929998
25.046000000007602,52.956901450402604,-14.415328619644301,-38.5415728307584
25.0470000000076,46.7711408872171,1.24711696476632,-48.01825785198339
25.0480000000076,36.6613183585631,16.6367469449627,-53.2980653035257
25.049000000007602,20.2842336240864,34.0714826429402,-54.35571626702661
25.0500000000076,3.6391773056633503,45.2689041407621,-48.9080814464254
25.0510000000076,-11.0801785302576,51.3678366895576,-40.2876581593
25.052000000007602,-28.4456628586337,54.823704986683396,-26.378042128049604
25.0530000000076,-42.196823680253104,51.396014586974495,-9.19919090672143
25.0540000000076,-50.2076791187335,44.33224968241771,5.8754294363158
25.055000000007603,-53.869257839395196,31.1902909390857,22.6789669003096
25.0560000000076,-53.1092119907302,14.591745372135902,38.5174666185943
25.0570000000076,-47.5627704919195,-0.5190933563413689,48.081863848260795
25.0580000000076,-35.9945725490322,-17.397547258027803,53.39211980705999
25.0590000000076,-19.9095732457854,-33.9658386176683,53.87541186345371
25.0600000000076,-3.95970941551677,-45.3306310391595,49.2903404546762
25.0610000000076,10.9782286253312,-51.8071972706627,40.8289686453315
25.0620000000076,28.867519988429102,-54.7668065424018,25.899286553972697
25.0630000000076,42.1443244976834,-51.607632054441396,9.46330755675802
25.0640000000076,49.74521628307961,-43.550350509305105,-6.19486577377457
25.0650000000077,54.1090779362916,-31.5841333909772,-22.524944545314398
25.0660000000077,53.609943478854596,-14.832686875864802,-38.777256602989794
25.067000000007702,46.58124344666061,1.5179486978253702,-48.099192144486
25.0680000000077,36.2689931544073,16.8821913525952,-53.1511845070025
25.0690000000077,20.1609407267418,33.6470385154852,-53.8079792422269
25.070000000007703,4.00299615301131,45.38270979691179,-49.38570594992311
25.0710000000077,-11.1305768190157,51.9870693376324,-40.856492518616705
25.0720000000077,-28.681805621004894,54.4487999716943,-25.766994350689398
25.073000000007703,-42.0964538575177,51.19267174564361,-9.09621788812598
25.0740000000077,-49.9938257050374,43.7060867696792,6.287738935358139
25.0750000000077,-54.1181951870658,32.0472104890608,22.070984698005
25.0760000000077,-53.506962164137,14.6730429573841,38.833919206752896
25.0770000000077,-46.4385208469652,-1.43211389652976,47.870634743494996
25.0780000000077,-36.3868901955662,-16.71424853762,53.10113873318629
25.0790000000077,-20.330502064643,-33.7254230262954,54.055925090938395
25.0800000000077,-4.477819078295441,-45.5630137458652,50.0408328241607
25.081000000007702,11.5656270625899,-51.8326610084363,40.2670339458465
25.0820000000077,28.600279829689303,-54.0536053736979,25.453325544008603
25.0830000000077,42.355122854345296,-52.0998045780066,9.74468172366131
25.084000000007702,49.9187513873288,-43.8242919548386,-6.0944594324902495
25.0850000000077,54.3142405740787,-31.424136855728,-22.8901037183508
25.0860000000077,52.9174388134703,-14.4293854295555,-38.488053383914796
25.087000000007702,46.7482487684894,1.2828500165536498,-48.031098785043
25.0880000000077,36.6260150429303,16.6126200142394,-53.2386350571697
25.0890000000077,20.373449184492603,33.9837649519386,-54.357214136431296
25.090000000007702,3.5992130182544,45.360188296881,-48.9594013151354
25.0910000000077,-10.979061345959401,51.6557791901607,-40.6767178442013
25.0920000000077,-28.4696459332241,54.493670759390405,-26.0240248261662
25.093000000007702,-42.2046184164002,51.4000611856549,-9.195442769254699
25.0940000000077,-50.252256441827704,44.3933821245059,5.858874317321759
25.0950000000077,-53.955414050243995,31.1249250779099,22.830488972334
25.096000000007702,-53.011389725727994,14.5527321325789,38.4586575931491
25.0970000000077,-46.82090164683889,-1.34499236642402,48.165894013263
25.0980000000077,-36.608609927348496,-16.7087971324128,53.317407059761294
25.099000000007702,-20.2423196554501,-34.0264510406644,54.2687706961145
25.1000000000077,-3.8321324874599396,-45.11005182365089,48.94218431111079
